-- ============================================================
-- DATOS DE SIMULACIÓN: Manuelita S.A.
-- Generado automáticamente con sesgos estadísticos reales
-- ============================================================

-- ============================================================
-- 1. USUARIOS
-- ============================================================
INSERT INTO CLIENTES (id_cliente,tipo_documento,numero_identificacion,nombre_razon_social,email,telefono,ciudad,direccion_residencia,direccion_operativa,habeas_data,tipo_regimen,fecha_registro) VALUES
('USR865f0dc589194e76','NIT','9000000001','Juan Carlos Restrepo Gómez','nestle.compras@nestle.com.co','3102345678','Medellín','Cra 43A #1 Sur-100, Medellín','Cra 43A #1 Sur-100, Medellín',TRUE,'responsable_iva','2023-04-08'),
('USRd2ce6e5f9e0345f8','NIT','9000000002','María Fernanda López Arango','compras@colombina.com','3113456789','Yumbo','Via Cali-Yumbo Km 4, Yumbo','Via Cali-Yumbo Km 4, Yumbo',TRUE,'responsable_iva','2022-12-22'),
('USR93cc647733db4aef','NIT','9000000003','Andrés Felipe Martínez Cano','abastecimiento@postobon.com','3124567890','Bogotá','Av El Dorado #68B-61, Bogotá','Av El Dorado #68B-61, Bogotá',TRUE,'responsable_iva','2022-08-19'),
('USR460a88e41d374868','NIT','9000000004','Claudia Patricia Sánchez Rivera','bimbo.compras@bimbo.com.co','3135678901','Yumbo','Zona Industrial Acopi, Yumbo','Zona Industrial Acopi, Yumbo',TRUE,'responsable_iva','2022-04-07'),
('USRc747a28316bc43a7','NIT','9000000005','Ricardo Alberto Torres Mejía','nutresa.comp@nutresa.com','3146789012','Medellín','Calle 8 #50-67, Medellín','Calle 8 #50-67, Medellín',TRUE,'responsable_iva','2022-11-18'),
('USR294d1f472e94423a','NIT','9000000006','Sandra Milena Castro Vargas','zenu.abastec@zenu.com.co','3157890123','Medellín','Cra 52 #20-31, Medellín','Cra 52 #20-31, Medellín',TRUE,'responsable_iva','2023-12-08'),
('USRdfe18fcbdea5447e','NIT','9000000007','Pedro Antonio Díaz Morales','super.alim@superalimentos.com','3168901234','Cali','Av 3N #23-45, Cali','Av 3N #23-45, Cali',TRUE,'responsable_iva','2022-06-25'),
('USR5c8419e81dbe4a4c','NIT','9000000008','Lucía Mercedes Herrera Ospina','carulla.comp@carulla.com','3179012345','Bogotá','Cra 7 #32-33, Bogotá','Cra 7 #32-33, Bogotá',TRUE,'responsable_iva','2023-09-11'),
('USR4584d3f3dbab4b64','NIT','9000000009','Jorge Iván Cardona Patiño','exito.compras@grupoexito.com','3180123456','Medellín','Calle 30 #43C-60, Medellín','Calle 30 #43C-60, Medellín',TRUE,'responsable_iva','2023-05-04'),
('USR4f0362bda515444f','NIT','9000000010','Patricia Elena Moreno Ríos','compras@jumbo.co','3191234567','Bogotá','Cra 11 #82-01, Bogotá','Cra 11 #82-01, Bogotá',TRUE,'responsable_iva','2023-04-28'),
('USRfd383d5a5cf24127','NIT','9000000011','Luis Eduardo Quintero Salazar','dist.valle@dvalle.com','3201234567','Cali','Cra 15 #8-42, Cali','Cra 15 #8-42, Cali',TRUE,'responsable_iva','2022-06-24'),
('USRf49e9bbfde68483a','NIT','9000000012','Ana María Gómez Fernández','alim.pacifico@apsa.com','3212345678','Buenaventura','Calle 70 #5-23, Buenaventura','Calle 70 #5-23, Buenaventura',TRUE,'responsable_iva','2023-04-03'),
('USRa7fdddc0c2dd451c','NIT','9000000013','Hernán Darío Muñoz Castillo','comer.andina@candina.com','3223456789','Manizales','Cra 24 #12-56, Manizales','Cra 24 #12-56, Manizales',TRUE,'responsable_iva','2023-12-19'),
('USR53564c67a99d4212','NIT','9000000014','Gloria Inés Ramírez Pedraza','dist.occi@docci.com','3234567890','Pereira','Av Simón Bolívar #5-21, Pereira','Av Simón Bolívar #5-21, Pereira',TRUE,'responsable_iva','2022-04-22'),
('USR193108ad3e4b40aa','NIT','9000000015','Álvaro Miguel Suárez Ocampo','merc.sur@msur.com','3245678901','Pasto','Cra 3 #8-90, Pasto','Cra 3 #8-90, Pasto',TRUE,'responsable_iva','2022-06-28'),
('USR20f3bbe6d20d42b9','NIT','9000000016','Diana Marcela Vélez Montoya','granoscereales@gyc.com','3256789012','Barranquilla','Cra 50 #20-31, Barranquilla','Cra 50 #20-31, Barranquilla',TRUE,'responsable_iva','2023-04-09'),
('USRb6e7f7de27404bbb','NIT','9000000017','Fabio Ernesto Bedoya Agudelo','agromar@iagro.com','3267890123','Palmaseca','Zona Franca, Palmaseca','Zona Franca, Palmaseca',TRUE,'responsable_iva','2022-06-12'),
('USRfc2852ea936c4502','NIT','9000000018','Norma Cecilia Giraldo Betancur','bioetanol.dist@bdsa.com','3278901234','Valle del Cauca','Autopista Cali-Palmira Km 2','Autopista Cali-Palmira Km 2',TRUE,'responsable_iva','2023-12-23'),
('USReb29870935454338','NIT','9000000019','Óscar Eduardo Hurtado Castaño','alim.nv@apnv.com','3289012345','Ibagué','Cra 25 #18-50, Ibagué','Cra 25 #18-50, Ibagué',TRUE,'responsable_iva','2022-09-20'),
('USRf489d28a83544ee9','NIT','9000000020','Pilar Adriana Acosta Londoño','palmllan@pllano.com','3290123456','Valle del Cauca','Via Villavicencio Km 12','Via Villavicencio Km 12',TRUE,'responsable_iva','2022-11-06'),
('USR85b144a5967e4e07','NIT','9000000021','Manuel José Cano Rendón','compras@tiendas-d1.com','3301234567','Bogotá','Cra 7 #71-21, Bogotá','Cra 7 #71-21, Bogotá',TRUE,'responsable_iva','2022-06-22'),
('USRd742f000b7b54e36','NIT','9000000022','Elizabeth Zapata Guerrero','olimpica.abast@olimpica.com','3312345678','Barranquilla','Cra 54 #72-60, Barranquilla','Cra 54 #72-60, Barranquilla',TRUE,'responsable_iva','2022-04-27'),
('USRb9077063e1f04e94','NIT','9000000023','Gabriel Darío Ruiz Valencia','surtimax.comp@surtimax.com','3323456789','Bogotá','Av Eldorado #89-10, Bogotá','Av Eldorado #89-10, Bogotá',TRUE,'responsable_iva','2023-06-09'),
('USR2588b24bac6742c8','NIT','9000000024','Teresa de Jesús Naranjo Arias','la14.compras@la14.com','3334567890','Cali','Calle 5 #50-41, Cali','Calle 5 #50-41, Cali',TRUE,'responsable_iva','2023-11-07'),
('USR68c53d38ea8644aa','NIT','9000000025','Jhon Jairo Peláez Tobón','alkosto@alkosto.com','3345678901','Bogotá','Autopista Norte Km 17, Bogotá','Autopista Norte Km 17, Bogotá',TRUE,'responsable_iva','2023-07-05'),
('USR979668f4e711439f','NIT','9000000026','Marcela Aguirre Vargas','superinter@superinter.com','3356789012','Pereira','Cra 1 #58-40, Pereira','Cra 1 #58-40, Pereira',TRUE,'responsable_iva','2023-05-24'),
('USRe34d5e2558514b30','NIT','9000000027','Mauricio Echavarría Toro','colsub@colsubsidio.com','3367890123','Bogotá','Cra 26 #71-78, Bogotá','Cra 26 #71-78, Bogotá',TRUE,'responsable_iva','2023-11-12'),
('USRf59e33f37cec42c9','NIT','9000000028','Consuelo Álvarez Prada','cafam.comp@cafam.com','3378901234','Bogotá','Av 68 #90-88, Bogotá','Av 68 #90-88, Bogotá',TRUE,'responsable_iva','2023-05-03'),
('USRa0c4cbcf30ec4260','NIT','9000000029','Felipe Antonio Zuleta Isaza','surtifam@sfamiliar.com','3389012345','Neiva','Cra 9 #14-21, Neiva','Cra 9 #14-21, Neiva',TRUE,'responsable_iva','2022-01-21'),
('USRaf09c7f8421a4eab','NIT','9000000030','Adriana Cataño Henao','maxicali@maxi.com','3390123456','Cali','Calle 44N #3BN-41, Cali','Calle 44N #3BN-41, Cali',TRUE,'responsable_iva','2023-12-20'),
('USR0d8a361d9baf42b9','NIT','9000000031','Juan Carlos Restrepo Gómez','carvajal.comp@carvajal.com','3401234567','Valle del Cauca','Zona Industrial Cali','Zona Industrial Cali',TRUE,'responsable_iva','2023-10-17'),
('USR64abfcdacf4c41b5','NIT','9000000032','María Fernanda López Arango','harinera@hdvsa.com','3412345678','Cali','Cra 1W #34-22, Cali','Cra 1W #34-22, Cali',TRUE,'responsable_iva','2022-11-22'),
('USRdb2582ad8985443f','NIT','9000000033','Andrés Felipe Martínez Cano','sucromiles@sucromiles.com','3423456789','Bogotá','Calle 100 #19A-61, Bogotá','Calle 100 #19A-61, Bogotá',TRUE,'responsable_iva','2023-09-25'),
('USR4b1c25ef91cb4bf7','NIT','9000000034','Claudia Patricia Sánchez Rivera','biofilm@biofilm.co','3434567890','Yumbo','Parque Industrial, Yumbo','Parque Industrial, Yumbo',TRUE,'responsable_iva','2023-04-14'),
('USR0ceaa846609b430f','NIT','9000000035','Ricardo Alberto Torres Mejía','bayer.agro@bayer.co','3445678901','Bogotá','Cra 11 #87-51, Bogotá','Cra 11 #87-51, Bogotá',TRUE,'responsable_iva','2023-04-17'),
('USR601fc2db88b64a19','NIT','9000000036','Sandra Milena Castro Vargas','corteva@corteva.com','3456789012','Bogotá','Cra 7 #71-21 Of 702, Bogotá','Cra 7 #71-21 Of 702, Bogotá',TRUE,'responsable_iva','2022-08-28'),
('USRa20bb902898547f7','NIT','9000000037','Pedro Antonio Díaz Morales','biopalma@bioenergy.co','3467890123','Valle del Cauca','Via Palmira-Buga Km 5','Via Palmira-Buga Km 5',TRUE,'responsable_iva','2022-12-05'),
('USRdd7aca3bc2b24d51','NIT','9000000038','Lucía Mercedes Herrera Ospina','acygras@ayg.com','3478901234','Valle del Cauca','Zona Franca Palmaseca','Zona Franca Palmaseca',TRUE,'responsable_iva','2022-05-20'),
('USR02c3019971aa4400','NIT','9000000039','Jorge Iván Cardona Patiño','alcohol.ind@aind.com','3489012345','Valle del Cauca','Parque Ind. Acopi Yumbo','Parque Ind. Acopi Yumbo',TRUE,'responsable_iva','2022-04-30'),
('USR27c0f5924cc84edd','NIT','9000000040','Patricia Elena Moreno Ríos','frigua@frigua.com','3490123456','Bogotá','Cra 64 #88-30, Bogotá','Cra 64 #88-30, Bogotá',TRUE,'responsable_iva','2022-06-02');

-- ============================================================
-- 2. PROVEEDOR
-- ============================================================
INSERT INTO PROVEEDORES (id_proveedor,nombre_razon_social,rut,contacto,telefono,email,direccion) VALUES
('PRVfdea923c98a8422c','Yara Colombia SAS','900123456-1','Ing. Carlos Suárez','6012345678','yara.ventas@yara.com','Cra 7 #113-43 Of 1002, Bogotá'),
('PRVb9a65118b75a40cd','Carvajal Empaques SA','800234567-2','Ing. Laura Rincón','6023456789','carvajal@empaques.com','Zona Industrial Cali, Valle'),
('PRVf3c91ca0f94f491b','Dow AgroSciences Colombia','890345678-3','Dr. Hernán Vélez','6034567890','dow.agro@dow.com','Cra 11A #93-05, Bogotá'),
('PRV93697d2f18ed4d13','Repuestos Industriales SAS','810456789-4','Tec. Pedro Lozano','6045678901','repuind@rind.com','Av Ferrocarril, Yumbo'),
('PRV783d4bfa44b0468d','Semillas del Valle SA','820567890-5','Ing. Gloria Mesa','6056789012','semillas@svalle.com','Via Palmira-Pradera Km 3');

-- ============================================================
-- 3. LOTES
-- ============================================================
INSERT INTO LOTES (id_lote,id_proveedor,fecha_ingreso,fecha_vencimiento,cantidad_inicial,cantidad_actual) VALUES
('LOTafa1997be3014e3b','PRVfdea923c98a8422c','2023-11-03','2025-11-02',500000,226274),
('LOT887c1f58a9b2413d','PRVfdea923c98a8422c','2023-08-05','2025-08-04',350000,144502),
('LOT85973cf7b7394c51','PRVb9a65118b75a40cd','2024-02-17','2025-02-16',200000,105967),
('LOT59036fa0923e4a78','PRVb9a65118b75a40cd','2023-05-23','2024-05-22',180000,39859),
('LOTcdca174f09704e52','PRVfdea923c98a8422c','2024-09-15','2026-09-15',600000,326872),
('LOT92e6f27811524352','PRVfdea923c98a8422c','2023-05-03','2025-05-02',420000,99097),
('LOTf073b010340041c7','PRVf3c91ca0f94f491b','2023-05-01','2023-10-28',80000,7123),
('LOT36f3b9e411854f3c','PRVf3c91ca0f94f491b','2023-05-29','2023-11-25',60000,4036),
('LOT91d373f4c9864b37','PRV93697d2f18ed4d13','2023-11-09','2025-05-02',15000,6269),
('LOT806e74dc3656478d','PRV93697d2f18ed4d13','2024-05-08','2025-10-30',12000,5778),
('LOT2f9bf71ec43249bb','PRV783d4bfa44b0468d','2023-02-04','2024-02-04',90000,37119),
('LOT5ce2a3c3f78749da','PRV783d4bfa44b0468d','2024-10-28','2025-10-28',75000,33824),
('LOT5821178006204595','PRVfdea923c98a8422c','2023-09-02','2025-09-01',300000,81432),
('LOT5ad156b39f6d46f0','PRVfdea923c98a8422c','2023-04-07','2025-04-06',250000,38653),
('LOTf03fcfb8e89247d9','PRVb9a65118b75a40cd','2023-10-09','2024-10-08',100000,30444),
('LOTe07121888b314567','PRVf3c91ca0f94f491b','2024-01-26','2024-07-24',50000,26187),
('LOT3ba78bf1bb3a46a5','PRV93697d2f18ed4d13','2023-04-03','2024-09-24',20000,11190),
('LOT942b63224c1a4927','PRV783d4bfa44b0468d','2024-02-16','2025-02-15',110000,34622),
('LOTef619120547845c5','PRVfdea923c98a8422c','2023-01-13','2025-01-12',480000,24569),
('LOTc889cf60ada84019','PRVb9a65118b75a40cd','2024-10-14','2025-10-14',160000,69300);

-- ============================================================
-- 4. PRODUCTO
-- ============================================================
INSERT INTO PRODUCTOS (id_producto,id_lote,nombre,descripcion,precio,categoria,peso,unidad_medida) VALUES
('PRD802982bff1294be0','LOTafa1997be3014e3b','Azúcar Refinada Industrial Alta Pureza','Azúcar blanca refinada >99.9% sacarosa para industria alimentaria, bulk 50kg',185000,'Azúcares Industriales',50.0,'kg'),
('PRD8ef56583009748c0','LOT887c1f58a9b2413d','Azúcar Blanca Extra Premium','Azúcar blanca granulada calidad extra para consumo masivo y confitería',4200,'Azúcares Consumo',1.0,'kg'),
('PRD47d829354c084861','LOT85973cf7b7394c51','Azúcar Orgánica Certificada','Azúcar orgánica certificada USDA/NOP y BCS, sin agroquímicos',7800,'Azúcares Especiales',1.0,'kg'),
('PRD5bef840ddde344b2','LOT59036fa0923e4a78','Azúcar Morena Natural','Azúcar morena con melaza natural, sin refinamiento adicional',3900,'Azúcares Consumo',1.0,'kg'),
('PRD9a5c84b7bcf9448d','LOTcdca174f09704e52','Azúcar Pulverizada Repostería','Azúcar impalpable 10X para repostería y confitería industrial',5100,'Azúcares Especiales',1.0,'kg'),
('PRD64fe257a4e014ce6','LOT92e6f27811524352','Bioetanol Carburante E85','Bioetanol anhidro 99.5% pureza para mezcla carburante, certificado ICONTEC',3850,'Bioetanol',1.0,'l'),
('PRD02dc2ce1a1614dd4','LOTf073b010340041c7','Bioetanol Hidratado Industrial','Etanol hidratado 96° GL para uso industrial, farmacéutico y cosmético',2900,'Bioetanol',1.0,'l'),
('PRDa8db6f21ccee4dbd','LOT36f3b9e411854f3c','Bioetanol Carburante Granel','Bioetanol E85 en tanquero para distribuidores mayoristas, mínimo 5000L',18500000,'Bioetanol',5000.0,'l'),
('PRD4524146c35c048eb','LOT91d373f4c9864b37','Aceite de Palma Crudo CPO','Aceite de palma crudo estándar Codex, FFA <5%, para refinación industrial',4200,'Aceite de Palma',1.0,'kg'),
('PRD620eb817a2b5470b','LOT806e74dc3656478d','Aceite de Palma Refinado RBD','Aceite de palma refinado, blanqueado y desodorizado para alimentos',5800,'Aceite de Palma',1.0,'kg'),
('PRD415d8f40d6fb478d','LOT2f9bf71ec43249bb','Aceite de Palmiste Crudo PKO','Aceite de palmiste crudo para oleoquímica y jabonería',4900,'Aceite de Palma',1.0,'kg'),
('PRD6425398276ef44e1','LOT5ce2a3c3f78749da','Estearina de Palma','Fracción sólida del aceite de palma para margarinas y shortenings',5200,'Aceite de Palma',1.0,'kg'),
('PRD6c33d709bf7e461f','LOT5821178006204595','Oleína de Palma','Fracción líquida del aceite de palma para frituras industriales',4800,'Aceite de Palma',1.0,'kg'),
('PRD76601e80e8c149f8','LOT5ad156b39f6d46f0','Melaza de Caña Premium','Subproducto líquido de cristalización, 85°Brix mínimo, para fermentación',320,'Subproductos',1.0,'kg'),
('PRDfcc1a188b54b4272','LOTf03fcfb8e89247d9','Bagazo de Caña Peletizado','Bagazo prensado y peletizado para cogeneración y alimentación animal',180,'Subproductos',1.0,'kg'),
('PRD0cd9bbd02c074579','LOTe07121888b314567','Cachaza de Caña Compostada','Cachaza compostada para uso agrícola como mejorador de suelos',150,'Subproductos',1.0,'kg'),
('PRD06ef1af651be46fb','LOT3ba78bf1bb3a46a5','Energía Eléctrica Cogeneración','Cogeneración de energía eléctrica verde a partir de bagazo, precio por MWh',320000,'Energía',1.0,'kg'),
('PRD31e8c28b89af4761','LOT942b63224c1a4927','Azúcar Refinada Bolsa 50kg','Presentación industrial en saco de polipropileno laminado 50kg',220000,'Azúcares Industriales',50.0,'kg'),
('PRDe975c9e766c84426','LOTef619120547845c5','Azúcar Cruda VHP','Very High Polarization sugar 99.0-99.4 pol, para exportación',4000,'Azúcares Exportación',1.0,'kg'),
('PRD891a668e44784184','LOTc889cf60ada84019','Azúcar Líquida 67°Brix','Azúcar líquida clarificada 67°Brix para bebidas y confitería',2100,'Azúcares Especiales',1.0,'l'),
('PRD3318439a63b442df','LOTafa1997be3014e3b','Bioetanol Desnaturalizado','Etanol desnaturalizado con metanol al 5% para uso industrial no potable',2600,'Bioetanol',1.0,'l'),
('PRD77d1485d895a4559','LOT887c1f58a9b2413d','Aceite de Palma Fraccionado','Aceite de palma fraccionado multi-propósito para chocolatería',6100,'Aceite de Palma',1.0,'kg'),
('PRDef9a17650c1d491a','LOT85973cf7b7394c51','Manteca Vegetal de Palma','Shortening de palma para panadería y pastelería industrial',5500,'Aceite de Palma',1.0,'kg'),
('PRD5c1d11c678a64f87','LOT59036fa0923e4a78','Azúcar Orgánica Cruda','Azúcar cruda orgánica certificada para exportación a mercados premium',8500,'Azúcares Especiales',1.0,'kg'),
('PRD354020a06d6141cd','LOTcdca174f09704e52','Panela Granulada Orgánica','Panela pulverizada orgánica certificada, sin blanquear ni refinar',6200,'Derivados de Caña',1.0,'kg'),
('PRD67a214d4072f408d','LOT92e6f27811524352','Bioetanol Extra Neutro','Alcohol extra neutro 96° para industria farmacéutica y cosmética',3400,'Bioetanol',1.0,'l'),
('PRD296b768d17634782','LOTf073b010340041c7','Torta de Palmiste PKM','Torta de palmiste desgrasada, proteína >16%, para alimentación animal',520,'Subproductos',1.0,'kg'),
('PRD67dc0c34c5f24137','LOT36f3b9e411854f3c','Aceite de Palma Orgánico','Aceite de palma crudo certificado orgánico RSPO para mercados especiales',7200,'Aceite de Palma',1.0,'kg'),
('PRD53c93f292e274bc7','LOT91d373f4c9864b37','Glicerina Cruda 80%','Subproducto del biodiesel, glicerina cruda 80% para refinación',850,'Subproductos',1.0,'kg'),
('PRD12e6b87b35ec4af2','LOT806e74dc3656478d','Vinaza Concentrada','Vinaza de destilería concentrada 40°Brix para fertilización y biogás',210,'Subproductos',1.0,'kg');

-- ============================================================
-- 5. STOCKPRODUCTOS
-- ============================================================
INSERT INTO STOCKPRODUCTOS (id_stock,id_producto,cantidad_disponible,cantidad_reservada,stock_minimo,ultima_actualizacion) VALUES
('STK5af3fe9a8d5944d7','PRD802982bff1294be0',41422,11344,2000,'2024-12-16 04:12:00'),
('STK4f9c6b4fab7344b3','PRD8ef56583009748c0',2630,232,100,'2024-01-19 23:34:00'),
('STKef1c30c66dd84768','PRD47d829354c084861',699,201,100,'2024-06-02 01:37:00'),
('STK7f6d4f57632b437b','PRD5bef840ddde344b2',4105,1039,100,'2024-09-06 01:32:00'),
('STK1977ba096756468d','PRD9a5c84b7bcf9448d',856,227,100,'2024-03-03 19:04:00'),
('STK9f0e958a087c42f9','PRD64fe257a4e014ce6',49250,8207,2000,'2024-07-04 18:15:00'),
('STK780c16d4d6cf42ab','PRD02dc2ce1a1614dd4',4942,1227,100,'2024-01-20 02:26:00'),
('STKc5e330acc2224957','PRDa8db6f21ccee4dbd',48081,19021,2000,'2024-09-11 08:13:00'),
('STKdd42f520509c4d56','PRD4524146c35c048eb',48891,10795,2000,'2024-04-09 12:08:00'),
('STK3a9555dddbf449d9','PRD620eb817a2b5470b',5702,1331,100,'2024-05-15 10:59:00'),
('STKd583586cfcfb45f6','PRD415d8f40d6fb478d',6359,158,100,'2024-01-15 19:36:00'),
('STK733a027bffbc4097','PRD6425398276ef44e1',1019,47,100,'2024-09-07 16:16:00'),
('STK19d83de756504380','PRD6c33d709bf7e461f',1285,188,100,'2024-02-08 11:18:00'),
('STKca6b5f7c80304fc7','PRD76601e80e8c149f8',1492,234,100,'2024-09-23 09:39:00'),
('STKe1e9cdc8256a47c3','PRDfcc1a188b54b4272',6811,1349,100,'2024-09-01 21:52:00'),
('STK768f13ed88f94b08','PRD0cd9bbd02c074579',4743,623,100,'2024-11-04 04:16:00'),
('STK6f1b76d82a4a4e88','PRD06ef1af651be46fb',1145,64,100,'2024-12-18 04:17:00'),
('STK1470f838c4c64545','PRD31e8c28b89af4761',2508,629,100,'2024-04-23 10:13:00'),
('STK90a5fda6e7fe44be','PRDe975c9e766c84426',5831,1308,100,'2024-05-17 15:16:00'),
('STK5f0fb4e59a4642bc','PRD891a668e44784184',7616,218,100,'2024-02-21 13:53:00'),
('STK384b5ca92a6948ee','PRD3318439a63b442df',2466,55,100,'2024-01-11 04:40:00'),
('STKf2e8c2df2c4f40ea','PRD77d1485d895a4559',2345,175,100,'2024-12-15 17:45:00'),
('STK58ab5e4528814708','PRDef9a17650c1d491a',3703,29,100,'2024-02-03 22:57:00'),
('STKd624d129b17f485d','PRD5c1d11c678a64f87',1421,289,100,'2024-01-27 11:37:00'),
('STK70dbf9026db94cba','PRD354020a06d6141cd',4726,313,100,'2024-07-05 01:19:00'),
('STKf0121f4bee9149df','PRD67a214d4072f408d',3187,930,100,'2024-01-12 06:43:00'),
('STK8817157af70242b4','PRD296b768d17634782',2244,115,100,'2024-06-25 17:56:00'),
('STK22cd757fc3bc4978','PRD67dc0c34c5f24137',7365,1674,100,'2024-10-24 04:59:00'),
('STKc2b78ce5280b49db','PRD53c93f292e274bc7',7817,979,100,'2024-03-26 05:56:00'),
('STKd60c98cbb0c24f3f','PRD12e6b87b35ec4af2',3577,60,100,'2024-03-24 10:50:00');

-- ============================================================
-- 6. PEDIDO
-- ============================================================
INSERT INTO FACTURAS (id_factura,id_cliente,fecha_expedicion,estado,metodo_pago,subtotal,precio_envio) VALUES
('PEDccbf825dbf224cc3','USRe34d5e2558514b30','2023-09-09','enviado','transferencia',818650450,750000),
('PED4fa10fc35ec3434b','USR93cc647733db4aef','2023-02-27','cancelado','transferencia',1499287860,350000),
('PED72f25f749e9d4adb','USR193108ad3e4b40aa','2024-05-11','enviado','tarjeta',2862525750,500000),
('PED5258b63cf05b4794','USRb9077063e1f04e94','2024-10-31','pendiente','transferencia',535150,500000),
('PEDe63c7010789645a4','USRf49e9bbfde68483a','2023-06-04','entregado','transferencia',2604754350,500000),
('PED626f65c59fbd4c14','USRf59e33f37cec42c9','2023-11-13','entregado','tarjeta',1406261800,0),
('PEDaa4fff89c5b14d3e','USRf59e33f37cec42c9','2023-11-12','entregado','contraentrega',1467843800,500000),
('PED200ba57469a84828','USR27c0f5924cc84edd','2024-04-17','entregado','transferencia',722400,750000),
('PED2ca03bbd6fab412a','USReb29870935454338','2024-05-22','cancelado','transferencia',592163360,350000),
('PED5510721872e24b46','USR27c0f5924cc84edd','2023-10-10','enviado','transferencia',2641340500,1200000),
('PED4aa6d4b07f7e4d99','USR02c3019971aa4400','2024-07-15','entregado','transferencia',156600,350000),
('PED89c7a54b5c1e4ab0','USR294d1f472e94423a','2024-12-03','entregado','transferencia',10333600,500000),
('PED0e3ae6b0e86540b2','USR193108ad3e4b40aa','2023-02-02','enviado','transferencia',14378560,0),
('PED6e6aee6b2ac047e9','USRaf09c7f8421a4eab','2023-12-23','entregado','transferencia',3290761100,350000),
('PEDe7248e6a8c6240ee','USR4f0362bda515444f','2023-01-25','entregado','tarjeta',385200,1200000),
('PED732f764917ba4e45','USRaf09c7f8421a4eab','2023-05-15','confirmado','transferencia',3516008700,1200000),
('PED5d2bb1de6d9c43d6','USR601fc2db88b64a19','2024-10-27','cancelado','transferencia',1040824900,350000),
('PEDb1d3ac5e965547a0','USR0d8a361d9baf42b9','2024-05-25','entregado','transferencia',1996486500,350000),
('PEDbbb49939daa8421e','USRfc2852ea936c4502','2024-12-08','enviado','tarjeta',23136700,1200000),
('PEDdcbfefc2dde44fa6','USR294d1f472e94423a','2024-05-23','enviado','tarjeta',2627339500,750000),
('PEDdb590a25a8b74810','USRe34d5e2558514b30','2024-10-02','enviado','transferencia',1258856000,1200000),
('PEDf2d97e57b7404035','USRd2ce6e5f9e0345f8','2024-08-16','pendiente','transferencia',378969300,750000),
('PED08745aec312c4e77','USRe34d5e2558514b30','2023-12-16','enviado','transferencia',2553669900,0),
('PEDeb5166dcf15e4cda','USR68c53d38ea8644aa','2024-12-24','enviado','transferencia',3293635250,350000),
('PED1956d7b50bf24f5f','USR27c0f5924cc84edd','2023-10-03','entregado','tarjeta',970503200,750000),
('PEDe2b4757db1ff4fe8','USRf49e9bbfde68483a','2024-10-07','entregado','transferencia',2650293000,750000),
('PEDc7488384ec29429f','USRfc2852ea936c4502','2024-07-27','confirmado','efectivo',9901600,1200000),
('PED4c562529ff6b4fd6','USR460a88e41d374868','2023-03-21','confirmado','contraentrega',3435976050,0),
('PED31d8b14a7bbc4290','USRd2ce6e5f9e0345f8','2023-02-20','enviado','tarjeta',2756879350,0),
('PED60a53bd25c1c4f91','USRa20bb902898547f7','2024-07-25','entregado','transferencia',14984800,0),
('PED9016ecc758084b27','USRfd383d5a5cf24127','2023-01-30','entregado','transferencia',1112650,750000),
('PEDec430680cb1a4da9','USR979668f4e711439f','2023-02-19','entregado','transferencia',3496757400,0),
('PED63ef69b6b5fd4083','USRf489d28a83544ee9','2023-08-26','cancelado','transferencia',193781900,500000),
('PED05608435f2044b80','USR0ceaa846609b430f','2023-06-17','entregado','efectivo',480587500,750000),
('PED7c53d5905aaf497f','USR64abfcdacf4c41b5','2024-06-23','enviado','tarjeta',32754150,1200000),
('PEDf8e008d8625841d2','USRfc2852ea936c4502','2024-11-15','entregado','transferencia',424200,500000),
('PEDde5694a147c741db','USR85b144a5967e4e07','2024-01-29','entregado','transferencia',957396400,1200000),
('PEDe05257b5526b4078','USR27c0f5924cc84edd','2023-03-16','entregado','tarjeta',205040,350000),
('PEDf1e62da41a5e43ca','USRb9077063e1f04e94','2024-03-29','entregado','transferencia',3663432600,1200000),
('PED29e7bdba1e3849b1','USR865f0dc589194e76','2023-05-08','entregado','transferencia',558330000,350000),
('PEDcbb5d5e47488457d','USR0d8a361d9baf42b9','2024-10-26','pendiente','tarjeta',1798748700,750000),
('PED778268407ef14590','USR20f3bbe6d20d42b9','2024-11-16','entregado','transferencia',3119834750,1200000),
('PED9967f4eb5f3f48a2','USRd742f000b7b54e36','2024-10-10','enviado','tarjeta',496182000,350000),
('PED245ab62a2eb84f39','USR85b144a5967e4e07','2023-11-07','enviado','transferencia',1277217650,1200000),
('PED335227f90e774e45','USR4b1c25ef91cb4bf7','2023-04-10','enviado','tarjeta',1030830,0),
('PED4ca364d5757a4588','USR0ceaa846609b430f','2023-04-18','enviado','contraentrega',758750,750000),
('PED3ee7d404fc22433f','USRdfe18fcbdea5447e','2024-08-16','entregado','transferencia',34916450,0),
('PED9fd213726a4f4938','USRb6e7f7de27404bbb','2023-07-27','confirmado','transferencia',332100,1200000),
('PED8e5e429a83214f8e','USR460a88e41d374868','2024-11-03','cancelado','tarjeta',554750,750000),
('PEDaaad38d324944c98','USR02c3019971aa4400','2023-11-25','entregado','transferencia',151027260,750000),
('PED0d64f0985aa24848','USRf489d28a83544ee9','2024-07-19','entregado','transferencia',1201900,0),
('PED244468ac9bbe43ef','USR53564c67a99d4212','2023-06-06','enviado','transferencia',920114850,350000),
('PED7788ae1b85c340dd','USR865f0dc589194e76','2024-12-10','pendiente','tarjeta',6920100,500000),
('PED9be71ccaefbf4e77','USRaf09c7f8421a4eab','2024-05-26','entregado','transferencia',2405677600,350000),
('PED5adff73ee28849aa','USRf59e33f37cec42c9','2023-05-30','enviado','tarjeta',648152050,0),
('PEDff417ceb3bc44351','USRfd383d5a5cf24127','2024-08-15','confirmado','transferencia',813400,750000),
('PEDfb347faca0bd47fd','USRfc2852ea936c4502','2024-10-03','entregado','transferencia',2424795600,500000),
('PED3afab4f59a55459c','USR02c3019971aa4400','2023-04-22','entregado','transferencia',914830700,0),
('PEDf368053b4e9f481a','USRfc2852ea936c4502','2024-05-17','entregado','transferencia',1335207200,350000),
('PEDc1028a20820a4e41','USRdd7aca3bc2b24d51','2023-10-16','entregado','transferencia',11513950,0),
('PED9a4714207c3c4e68','USRfd383d5a5cf24127','2024-12-10','entregado','transferencia',773840,1200000),
('PED1c4c71281e60405f','USR93cc647733db4aef','2024-06-11','confirmado','transferencia',371026350,1200000),
('PED308a230dbcc54834','USR865f0dc589194e76','2024-08-14','confirmado','transferencia',3681761800,1200000),
('PED60d161b316494fde','USR64abfcdacf4c41b5','2023-04-09','entregado','transferencia',3125353600,750000),
('PED91106d16b0f94193','USR64abfcdacf4c41b5','2023-12-23','enviado','transferencia',596960,1200000),
('PED15de56056f5b4af9','USRe34d5e2558514b30','2024-04-04','entregado','tarjeta',6252450,500000),
('PEDda894ed4f57d4d0e','USRdb2582ad8985443f','2024-07-16','enviado','transferencia',12949120,750000),
('PED4f9eb2f7e9134f95','USRa7fdddc0c2dd451c','2023-08-28','confirmado','transferencia',126836650,750000),
('PED4293e9780cef43b3','USRd742f000b7b54e36','2024-08-27','pendiente','transferencia',56350,1200000),
('PED127e552915d24088','USRdd7aca3bc2b24d51','2023-07-15','entregado','transferencia',23065200,1200000),
('PEDbb216a3b2d494d49','USR0ceaa846609b430f','2023-06-23','enviado','transferencia',33873300,750000),
('PED96879892070641fa','USR93cc647733db4aef','2024-10-13','cancelado','transferencia',142100,350000),
('PEDf36445dc960f4228','USR64abfcdacf4c41b5','2024-02-28','confirmado','transferencia',394800,0),
('PED22508200a74c4f94','USR4b1c25ef91cb4bf7','2023-01-14','entregado','contraentrega',2975745050,0),
('PEDa74319e350514cc4','USR0d8a361d9baf42b9','2024-03-20','entregado','transferencia',36351580,500000),
('PEDb935ddda24414ee8','USR0ceaa846609b430f','2024-06-28','entregado','transferencia',2868510600,350000),
('PEDf22cf1fa7f204612','USReb29870935454338','2023-09-14','cancelado','transferencia',802200,0),
('PEDaa1db96a58524834','USRa0c4cbcf30ec4260','2023-06-02','entregado','tarjeta',22589000,500000),
('PED3cdfaaafdd2247b1','USR2588b24bac6742c8','2024-05-19','entregado','tarjeta',3522050650,350000),
('PEDb5b478686aab41d4','USR294d1f472e94423a','2023-10-16','cancelado','tarjeta',2960000,750000),
('PED1f3b17274185483b','USRb6e7f7de27404bbb','2023-12-29','entregado','transferencia',411600,1200000),
('PED8d1ab7e3d33b4810','USRfd383d5a5cf24127','2024-06-21','cancelado','transferencia',1187500,750000),
('PED8ea0b011dc1a409a','USRf489d28a83544ee9','2024-10-04','enviado','transferencia',24605000,1200000),
('PEDc970dc1bedeb4636','USReb29870935454338','2023-03-27','entregado','tarjeta',19795000,1200000),
('PED8023d4d0847c4bad','USR460a88e41d374868','2024-09-27','cancelado','tarjeta',16000,350000),
('PED11dc0fdc75e04a32','USR02c3019971aa4400','2023-02-20','enviado','transferencia',1240946200,350000),
('PED0f8386aaa46a4391','USRdfe18fcbdea5447e','2023-09-10','entregado','tarjeta',1665766600,500000),
('PEDc8d49b65f4c7431e','USR4584d3f3dbab4b64','2024-06-24','entregado','tarjeta',810600,1200000),
('PED15c2d8df6ef64be0','USR2588b24bac6742c8','2023-06-09','cancelado','contraentrega',34905000,500000),
('PEDf8fab4bbcbb74989','USRd742f000b7b54e36','2023-07-05','entregado','tarjeta',70200,750000),
('PED8655612a418c4297','USR601fc2db88b64a19','2023-10-09','entregado','transferencia',5672700,500000),
('PEDbe0ed7c6de4946ee','USRdd7aca3bc2b24d51','2024-12-04','entregado','transferencia',250250,1200000),
('PED9be6b17767ae4a83','USR601fc2db88b64a19','2023-11-21','confirmado','transferencia',595472900,500000),
('PEDdd680fcdde3f497c','USRe34d5e2558514b30','2023-04-10','cancelado','tarjeta',2220243600,350000),
('PED0cd69df82c1643a3','USR0ceaa846609b430f','2024-10-22','cancelado','transferencia',1139416560,1200000),
('PEDe0352583575e4a3e','USRe34d5e2558514b30','2023-12-29','entregado','tarjeta',227628650,750000),
('PEDfa273907bd864fbe','USR27c0f5924cc84edd','2023-06-23','entregado','transferencia',6860200,350000),
('PEDf6b763288427481b','USR2588b24bac6742c8','2024-12-18','cancelado','transferencia',29321800,0),
('PED13fc9d0f1e1b4a5d','USR979668f4e711439f','2024-04-03','entregado','transferencia',7048400,1200000),
('PED52ff6be763eb4449','USRd2ce6e5f9e0345f8','2023-06-05','entregado','tarjeta',71400,1200000),
('PED20005f5166fc464c','USR53564c67a99d4212','2024-05-25','confirmado','transferencia',10680000,0),
('PED0a6c84146ccc4225','USRfc2852ea936c4502','2023-02-18','enviado','tarjeta',1036934000,0),
('PED506f212eaa1146f5','USR4584d3f3dbab4b64','2024-05-01','enviado','tarjeta',2907122720,750000),
('PED70eaabd585bd4730','USR4b1c25ef91cb4bf7','2024-04-15','entregado','transferencia',759000,0),
('PED87a69a64841541f4','USRa0c4cbcf30ec4260','2023-11-24','entregado','transferencia',17973300,1200000),
('PED52ddb0ad3ae3434f','USRf489d28a83544ee9','2023-04-16','entregado','transferencia',3404193200,0),
('PEDb5e2d93a28c54721','USR64abfcdacf4c41b5','2023-07-29','confirmado','transferencia',667270,0),
('PED02c7d8cace974d3e','USR4584d3f3dbab4b64','2024-12-13','cancelado','transferencia',2385150,750000),
('PEDf61a9ea0b1de4cfd','USRdb2582ad8985443f','2023-04-28','entregado','transferencia',2868181480,1200000),
('PED3b035e4de1fe40e4','USR53564c67a99d4212','2024-05-11','entregado','transferencia',721500000,0),
('PED086d0d30c4d44374','USR85b144a5967e4e07','2024-12-12','cancelado','transferencia',1351000,750000),
('PED6f6fd7b819e64436','USRc747a28316bc43a7','2023-04-14','confirmado','transferencia',2768742300,350000),
('PED85319e465b8145f4','USR601fc2db88b64a19','2024-11-22','confirmado','transferencia',3098195000,750000),
('PED638e70bda219449b','USR460a88e41d374868','2024-08-12','confirmado','transferencia',139400,350000),
('PEDadee1f9cca5c425a','USR0d8a361d9baf42b9','2024-04-28','entregado','tarjeta',2432657000,500000),
('PED8d9c4a4e559e4116','USRa20bb902898547f7','2023-10-20','cancelado','transferencia',1708121750,500000),
('PED781d48a7ce7c414e','USRd2ce6e5f9e0345f8','2024-12-30','entregado','efectivo',17061200,350000),
('PED18810b0c1fea47e8','USRa20bb902898547f7','2023-01-24','entregado','tarjeta',1531263090,1200000),
('PED2976fcd8f70e4f59','USR53564c67a99d4212','2024-10-06','entregado','transferencia',184800,1200000),
('PED49c588139bf84817','USR02c3019971aa4400','2023-04-06','entregado','tarjeta',113400,0),
('PED4b7daa5e89c24378','USRfc2852ea936c4502','2024-10-20','entregado','tarjeta',629522300,1200000),
('PEDa07e278856494ffa','USR5c8419e81dbe4a4c','2024-04-22','entregado','transferencia',370880250,500000),
('PEDb80dcf6fdfe74a58','USR93cc647733db4aef','2023-11-01','enviado','contraentrega',2061455000,350000),
('PEDa2a718bfff3e4d6e','USRb6e7f7de27404bbb','2023-04-16','entregado','tarjeta',10269510,750000),
('PED8443cb7b45e34356','USR0ceaa846609b430f','2024-08-03','entregado','transferencia',27997300,750000),
('PED0384543837ff4d2c','USRd2ce6e5f9e0345f8','2024-04-19','entregado','transferencia',14835300,750000),
('PEDbfbb10ade5b648fc','USReb29870935454338','2024-04-06','entregado','transferencia',1578278200,500000),
('PED9b3ea4e12ddf4f9a','USR294d1f472e94423a','2023-04-14','entregado','transferencia',46800,750000),
('PED8e0e5915ea104631','USRf489d28a83544ee9','2024-02-25','enviado','transferencia',500335800,0),
('PED26433102fbd64bdb','USR4b1c25ef91cb4bf7','2024-06-24','cancelado','transferencia',2516079800,350000),
('PED5dfaee00d2b64587','USR20f3bbe6d20d42b9','2023-06-06','entregado','transferencia',10195800,0),
('PEDbbda9a89770945dd','USRf49e9bbfde68483a','2024-09-15','entregado','transferencia',18184200,750000),
('PED843f39315be948c5','USRa20bb902898547f7','2024-11-28','cancelado','tarjeta',2971800,750000),
('PEDcdb243113f0848f6','USRc747a28316bc43a7','2024-12-26','enviado','tarjeta',851390600,1200000),
('PEDc8e4bfeca71343d1','USRc747a28316bc43a7','2023-10-02','entregado','tarjeta',12237700,0),
('PED766e5c6de6bc4b4e','USR27c0f5924cc84edd','2024-10-19','entregado','transferencia',7559200,0),
('PED407235157aab422d','USRa0c4cbcf30ec4260','2023-08-11','entregado','transferencia',3475595000,0),
('PED644e48ea9da9493f','USRa0c4cbcf30ec4260','2023-06-17','entregado','tarjeta',32853000,750000),
('PED79baa376232b40b9','USRa0c4cbcf30ec4260','2023-11-12','entregado','tarjeta',3248785240,750000),
('PED0f1367e9b5814f03','USRd742f000b7b54e36','2024-01-03','entregado','transferencia',595200,750000),
('PED967b7c5ce3934081','USReb29870935454338','2023-12-11','confirmado','transferencia',944413750,500000),
('PED1b4bee3527e84c5d','USRf489d28a83544ee9','2024-09-05','entregado','contraentrega',1850435160,500000),
('PED23961c3f1bec4d46','USR601fc2db88b64a19','2023-06-22','entregado','contraentrega',10584300,1200000),
('PED3f3501866e4b4dc5','USR294d1f472e94423a','2024-10-01','entregado','tarjeta',10880000,350000),
('PEDa07225d8e6a644b9','USRd742f000b7b54e36','2023-07-08','cancelado','tarjeta',22513950,500000),
('PEDe4cb45b7503b439e','USRdfe18fcbdea5447e','2023-11-22','entregado','transferencia',7653700,350000),
('PED50b0a1ff8fc44092','USR02c3019971aa4400','2023-05-27','entregado','transferencia',193233940,350000),
('PED28bc97592895477b','USRa0c4cbcf30ec4260','2023-06-15','entregado','transferencia',238700,750000),
('PED6306f96f5a874383','USR193108ad3e4b40aa','2024-06-29','entregado','transferencia',1793520500,1200000),
('PED839236d401d44873','USRa0c4cbcf30ec4260','2024-06-17','entregado','contraentrega',948500,350000),
('PED5666ddc0e4124465','USR02c3019971aa4400','2023-06-21','entregado','transferencia',19331800,0),
('PED638fb2c694bd4ba1','USR4b1c25ef91cb4bf7','2023-03-25','enviado','transferencia',838082800,1200000),
('PEDf0a7cf9c96524c9d','USR4f0362bda515444f','2023-01-27','entregado','transferencia',2990340000,0),
('PED470e81b745c54b14','USRe34d5e2558514b30','2024-11-08','entregado','tarjeta',13851300,350000),
('PED1db7e7e0973f4851','USRd2ce6e5f9e0345f8','2024-04-26','confirmado','tarjeta',25029000,750000),
('PED1e0c8242e3814246','USR4584d3f3dbab4b64','2024-07-20','pendiente','tarjeta',32593600,500000),
('PED20731429b7204c77','USR53564c67a99d4212','2024-08-04','entregado','tarjeta',236500,0),
('PED44e13c9386e448ed','USR460a88e41d374868','2024-12-03','confirmado','transferencia',3296266250,1200000),
('PEDf51e5d0e74b74f97','USR0ceaa846609b430f','2023-11-23','confirmado','transferencia',31385800,1200000),
('PEDc29b67c076bc485b','USRb9077063e1f04e94','2023-10-22','entregado','transferencia',943500000,500000),
('PED5aad9a4361754be7','USRc747a28316bc43a7','2023-08-13','entregado','tarjeta',310800,750000),
('PEDfa48308f0d1349fd','USR2588b24bac6742c8','2024-04-26','confirmado','tarjeta',21445600,0),
('PED6bf274106789409a','USRdd7aca3bc2b24d51','2023-03-02','entregado','transferencia',2571275650,350000),
('PEDfe24e3d633a145c3','USRaf09c7f8421a4eab','2023-07-26','confirmado','transferencia',2493594650,750000),
('PED8ab8c0e127ce478e','USR93cc647733db4aef','2023-04-29','pendiente','contraentrega',36832050,1200000),
('PEDbdf30cb755c14c1f','USR979668f4e711439f','2024-08-09','pendiente','transferencia',27195000,500000),
('PED221f0749d19f4691','USRb9077063e1f04e94','2024-01-09','confirmado','transferencia',1151061100,750000),
('PED676eb67429c6469a','USRa0c4cbcf30ec4260','2024-07-06','entregado','transferencia',3615728170,1200000),
('PEDa3c7d71e5c8a42c9','USRfc2852ea936c4502','2024-09-03','entregado','contraentrega',204050,350000),
('PED00fa07791207405c','USR0ceaa846609b430f','2023-04-11','entregado','tarjeta',4480000,1200000),
('PEDdc0f9180a3424ec2','USRf59e33f37cec42c9','2024-10-15','pendiente','transferencia',23465200,500000),
('PED189ace50e38242d5','USR27c0f5924cc84edd','2023-03-03','entregado','transferencia',27127600,1200000),
('PEDd9471b2acb584906','USRfd383d5a5cf24127','2024-02-02','confirmado','tarjeta',3405491800,500000),
('PED66c6e0ee500d436c','USR2588b24bac6742c8','2023-11-20','enviado','transferencia',474060,500000),
('PED6cc5c5027f874030','USR2588b24bac6742c8','2023-04-17','entregado','tarjeta',1108300,500000),
('PED579b9bf6298e4048','USR20f3bbe6d20d42b9','2023-01-16','entregado','transferencia',599513600,0),
('PEDe0bf64d027fa4895','USRb6e7f7de27404bbb','2024-09-07','cancelado','tarjeta',32560000,750000),
('PED2b1df29eb95946ba','USRa7fdddc0c2dd451c','2024-04-06','entregado','transferencia',300300,0),
('PEDc531f8d166c641f9','USR85b144a5967e4e07','2023-09-18','entregado','transferencia',3280915400,350000),
('PED07a0fb34bc354f39','USRf49e9bbfde68483a','2023-08-04','cancelado','transferencia',3362440800,350000),
('PEDf53994202b8544a8','USR64abfcdacf4c41b5','2024-11-15','entregado','transferencia',627550,1200000),
('PED456a57d7ef004b80','USR294d1f472e94423a','2024-10-17','entregado','transferencia',2516864250,1200000),
('PED44f65075255d4fae','USRc747a28316bc43a7','2023-06-15','entregado','transferencia',319200,350000),
('PED87908b8bab2b408a','USR601fc2db88b64a19','2023-05-14','entregado','transferencia',130946550,0),
('PED44bd32f59fc54088','USR4b1c25ef91cb4bf7','2023-05-11','cancelado','tarjeta',277200,1200000),
('PEDcec3b95714bd48d2','USReb29870935454338','2023-03-21','cancelado','tarjeta',2542562400,500000),
('PED6a59b18599de4aff','USR27c0f5924cc84edd','2023-11-19','cancelado','tarjeta',16098250,1200000),
('PED4f0d8e8fcef74173','USR02c3019971aa4400','2023-11-27','entregado','tarjeta',2024259100,1200000),
('PED9346f3aacfe6487a','USRb6e7f7de27404bbb','2024-08-20','entregado','transferencia',2700828050,1200000),
('PED45ea9fb4ab2744e7','USReb29870935454338','2024-06-08','entregado','transferencia',758755600,500000),
('PED2b4c61f624944553','USRaf09c7f8421a4eab','2023-04-15','entregado','transferencia',596400,500000),
('PEDcbab81dcf5114530','USR02c3019971aa4400','2024-12-24','cancelado','transferencia',2706027000,750000),
('PEDcdab5cc60f704d60','USR4584d3f3dbab4b64','2023-08-11','enviado','tarjeta',731500,750000),
('PEDfa3abceec3bd43bf','USR20f3bbe6d20d42b9','2024-04-13','entregado','transferencia',1584705980,350000),
('PED2403e59d8dec44a8','USR85b144a5967e4e07','2024-09-07','entregado','transferencia',3578371300,1200000),
('PEDbd910d447dd341d4','USRaf09c7f8421a4eab','2024-06-01','confirmado','transferencia',24790000,750000),
('PED54c556e880714f84','USR20f3bbe6d20d42b9','2023-06-02','enviado','transferencia',143000,750000),
('PED3f5c6a3c1769444e','USReb29870935454338','2024-04-05','entregado','transferencia',2468788550,750000),
('PED69befc3d495a4d5e','USR2588b24bac6742c8','2023-04-12','entregado','tarjeta',12616800,1200000),
('PEDf296cfa233624f15','USRa0c4cbcf30ec4260','2023-03-05','cancelado','transferencia',57750,500000);

-- ============================================================
-- 7. PRODUCTOS_ASOCIADOS
-- ============================================================
INSERT INTO PRODUCTOS_ASOCIADOS (id_productos_asociados,id_pedido,id_producto,cantidad) VALUES
('PA7fda7d4ff9d043d5','PEDccbf825dbf224cc3','PRD802982bff1294be0',121),
('PA15ddf9c5da5348e8','PEDccbf825dbf224cc3','PRDa8db6f21ccee4dbd',43),
('PA76373b578e8945f3','PEDccbf825dbf224cc3','PRD4524146c35c048eb',160),
('PA8a954b903bfc4527','PEDccbf825dbf224cc3','PRD3318439a63b442df',33),
('PA04e696f6eecb439e','PEDccbf825dbf224cc3','PRD53c93f292e274bc7',9),
('PAd816d6a30e3e4718','PED4fa10fc35ec3434b','PRD4524146c35c048eb',186),
('PA4d96d52d99b34313','PED4fa10fc35ec3434b','PRDfcc1a188b54b4272',37),
('PA0cae935e954f460e','PED4fa10fc35ec3434b','PRDa8db6f21ccee4dbd',81),
('PA462da69eac964df5','PED72f25f749e9d4adb','PRD802982bff1294be0',172),
('PA3200bbc80b564e7d','PED72f25f749e9d4adb','PRDa8db6f21ccee4dbd',153),
('PA051dbc93ed9e41f0','PED72f25f749e9d4adb','PRDef9a17650c1d491a',37),
('PAaa444a3ad1184d6d','PED72f25f749e9d4adb','PRD0cd9bbd02c074579',15),
('PA272bcb7a4b9d46dc','PED5258b63cf05b4794','PRD64fe257a4e014ce6',139),
('PA63fefb1679ad43ee','PEDe63c7010789645a4','PRD802982bff1294be0',174),
('PA574353e775e94f7a','PEDe63c7010789645a4','PRD64fe257a4e014ce6',127),
('PA2786d3eb0a484724','PEDe63c7010789645a4','PRDa8db6f21ccee4dbd',139),
('PAf355c782b6ea4ea4','PEDe63c7010789645a4','PRD4524146c35c048eb',101),
('PAca5ec9e9da324472','PEDe63c7010789645a4','PRD67dc0c34c5f24137',21),
('PAbf025ec0606149c1','PED626f65c59fbd4c14','PRD64fe257a4e014ce6',68),
('PA3859604ab60344f9','PED626f65c59fbd4c14','PRDa8db6f21ccee4dbd',76),
('PA05695e824cb7462d','PEDaa4fff89c5b14d3e','PRD64fe257a4e014ce6',42),
('PAecd4e1e4394f43bf','PEDaa4fff89c5b14d3e','PRDa8db6f21ccee4dbd',79),
('PA49f0ec79557743a0','PEDaa4fff89c5b14d3e','PRD4524146c35c048eb',15),
('PA213e453df07a4f9e','PEDaa4fff89c5b14d3e','PRD06ef1af651be46fb',19),
('PA7373ffb028d942b8','PEDaa4fff89c5b14d3e','PRD53c93f292e274bc7',46),
('PA855f9de5c197452c','PED200ba57469a84828','PRD4524146c35c048eb',172),
('PAe083466df360451e','PED2ca03bbd6fab412a','PRD296b768d17634782',18),
('PA980c40d4880a4dc3','PED2ca03bbd6fab412a','PRD64fe257a4e014ce6',40),
('PA36bcc805c49a4b7e','PED2ca03bbd6fab412a','PRDa8db6f21ccee4dbd',32),
('PAc74053848b934135','PED5510721872e24b46','PRD802982bff1294be0',171),
('PA0361bc746a574905','PED5510721872e24b46','PRD5bef840ddde344b2',37),
('PA142348553b604a63','PED5510721872e24b46','PRD64fe257a4e014ce6',64),
('PA73bb804d681b4210','PED5510721872e24b46','PRDa8db6f21ccee4dbd',141),
('PAf71b05c295a84728','PED5510721872e24b46','PRD4524146c35c048eb',194),
('PA205d97664a9248b6','PED4aa6d4b07f7e4d99','PRD620eb817a2b5470b',27),
('PA7ac81ab8d2314f6d','PED89c7a54b5c1e4ab0','PRD06ef1af651be46fb',32),
('PA1b5774bd646e479c','PED89c7a54b5c1e4ab0','PRD47d829354c084861',12),
('PA589ed460640845e2','PED0e3ae6b0e86540b2','PRD802982bff1294be0',77),
('PA6fef6ea692ed4ba8','PED0e3ae6b0e86540b2','PRD8ef56583009748c0',30),
('PA8776cab6aea64cb5','PED0e3ae6b0e86540b2','PRDfcc1a188b54b4272',42),
('PA64fdf3622ab743e6','PED6e6aee6b2ac047e9','PRD802982bff1294be0',80),
('PA6a20d34063e345ab','PED6e6aee6b2ac047e9','PRD64fe257a4e014ce6',150),
('PAb9ea7cb7864942e1','PED6e6aee6b2ac047e9','PRDa8db6f21ccee4dbd',177),
('PA6c2c0d66c184403b','PED6e6aee6b2ac047e9','PRD4524146c35c048eb',198),
('PAc1e732086c2a4408','PED6e6aee6b2ac047e9','PRDe975c9e766c84426',13),
('PA64a4210802824f23','PEDe7248e6a8c6240ee','PRD4524146c35c048eb',88),
('PA4b95bc4f108b4a4c','PEDe7248e6a8c6240ee','PRD3318439a63b442df',6),
('PAc8c86621cf6e4826','PED732f764917ba4e45','PRD4524146c35c048eb',89),
('PA6a34117c66044085','PED732f764917ba4e45','PRD891a668e44784184',20),
('PAc2e0c0e784954ff6','PED732f764917ba4e45','PRD64fe257a4e014ce6',154),
('PA5ba73ac34fe346f7','PED732f764917ba4e45','PRDa8db6f21ccee4dbd',190),
('PAf9f7f32bfedd43a5','PED5d2bb1de6d9c43d6','PRD802982bff1294be0',20),
('PA44eb3e0ad6a14cea','PED5d2bb1de6d9c43d6','PRD4524146c35c048eb',145),
('PAdbf6228dd3b54b98','PED5d2bb1de6d9c43d6','PRD64fe257a4e014ce6',134),
('PA4164fd31963f451b','PED5d2bb1de6d9c43d6','PRDa8db6f21ccee4dbd',56),
('PA44706efde7a44d0e','PEDb1d3ac5e965547a0','PRD802982bff1294be0',190),
('PA40bb2be138274551','PEDb1d3ac5e965547a0','PRD64fe257a4e014ce6',10),
('PA5f28a048518c4c34','PEDb1d3ac5e965547a0','PRDa8db6f21ccee4dbd',106),
('PA95e727d357294a13','PEDb1d3ac5e965547a0','PRD4524146c35c048eb',70),
('PAa32fefc92ad6458f','PEDb1d3ac5e965547a0','PRDe975c9e766c84426',1),
('PA46a1306bfb334908','PEDbbb49939daa8421e','PRD802982bff1294be0',125),
('PA033c1cc2fcde4ae1','PEDbbb49939daa8421e','PRD5bef840ddde344b2',3),
('PAdeb57d0118144249','PEDdcbfefc2dde44fa6','PRD4524146c35c048eb',35),
('PAd5e3b8ba93354be1','PEDdcbfefc2dde44fa6','PRD64fe257a4e014ce6',50),
('PAeaec401dd7a143ea','PEDdcbfefc2dde44fa6','PRDa8db6f21ccee4dbd',142),
('PAe1be3cc1c159443c','PEDdb590a25a8b74810','PRD4524146c35c048eb',141),
('PA40afd23457ca4ef6','PEDdb590a25a8b74810','PRD53c93f292e274bc7',25),
('PAac356836f4f641f3','PEDdb590a25a8b74810','PRD64fe257a4e014ce6',63),
('PAad6835a92b004b11','PEDdb590a25a8b74810','PRDa8db6f21ccee4dbd',68),
('PA2d64c191eca14f23','PEDf2d97e57b7404035','PRD802982bff1294be0',143),
('PAdbe93af109b04362','PEDf2d97e57b7404035','PRD4524146c35c048eb',60),
('PA6d92f426363b400d','PEDf2d97e57b7404035','PRD64fe257a4e014ce6',198),
('PA15f3dab67e574465','PEDf2d97e57b7404035','PRDa8db6f21ccee4dbd',19),
('PA30418314525e4bac','PED08745aec312c4e77','PRD64fe257a4e014ce6',174),
('PAea768748584442d9','PED08745aec312c4e77','PRDa8db6f21ccee4dbd',138),
('PAb46e4fd1476c414d','PEDeb5166dcf15e4cda','PRD64fe257a4e014ce6',165),
('PA4c4b248edfcf4ecf','PEDeb5166dcf15e4cda','PRDa8db6f21ccee4dbd',178),
('PAbadfe30da4c74178','PED1956d7b50bf24f5f','PRD802982bff1294be0',43),
('PAb787a182eaca4248','PED1956d7b50bf24f5f','PRD354020a06d6141cd',20),
('PAcce16e1a88a84117','PED1956d7b50bf24f5f','PRD4524146c35c048eb',101),
('PAd8d226036bee4004','PED1956d7b50bf24f5f','PRDa8db6f21ccee4dbd',52),
('PA45678215e70345f7','PEDe2b4757db1ff4fe8','PRD802982bff1294be0',120),
('PAd7f952cc910e46fc','PEDe2b4757db1ff4fe8','PRD47d829354c084861',24),
('PAd9597f9ed95f454f','PEDe2b4757db1ff4fe8','PRD64fe257a4e014ce6',28),
('PA4c8c61a1098d467e','PEDe2b4757db1ff4fe8','PRDa8db6f21ccee4dbd',142),
('PA35e7715df8734b81','PEDe2b4757db1ff4fe8','PRD4524146c35c048eb',190),
('PAbd8a438659724690','PEDc7488384ec29429f','PRD4524146c35c048eb',23),
('PA5e0f75ca37b74e05','PEDc7488384ec29429f','PRD802982bff1294be0',53),
('PA3c8a43d97ebb4ddc','PED4c562529ff6b4fd6','PRD802982bff1294be0',67),
('PAe91528f747f94566','PED4c562529ff6b4fd6','PRD9a5c84b7bcf9448d',45),
('PAe3c7e1b679e54b4c','PED4c562529ff6b4fd6','PRD64fe257a4e014ce6',159),
('PA17fa85804c4b4343','PED4c562529ff6b4fd6','PRDa8db6f21ccee4dbd',185),
('PA6d96b13687104287','PED4c562529ff6b4fd6','PRD4524146c35c048eb',57),
('PA6e5abf51848f49c7','PED31d8b14a7bbc4290','PRD4524146c35c048eb',85),
('PAf92a3cd30932485a','PED31d8b14a7bbc4290','PRD0cd9bbd02c074579',27),
('PA50b3fda9896d4d0d','PED31d8b14a7bbc4290','PRD77d1485d895a4559',3),
('PA1753d25809cd464f','PED31d8b14a7bbc4290','PRDa8db6f21ccee4dbd',149),
('PA18a3cc7fe3da4d3a','PED60a53bd25c1c4f91','PRD802982bff1294be0',80),
('PA61e836893e434b3a','PED60a53bd25c1c4f91','PRD4524146c35c048eb',44),
('PA8010ff91dfaf4675','PED9016ecc758084b27','PRD4524146c35c048eb',132),
('PAcd9643dcb3284f27','PED9016ecc758084b27','PRD64fe257a4e014ce6',145),
('PAd19d022f46264607','PEDec430680cb1a4da9','PRD4524146c35c048eb',48),
('PA6dfd7551fefd4ee6','PEDec430680cb1a4da9','PRD354020a06d6141cd',9),
('PA69bc4dd89d9d4e4c','PEDec430680cb1a4da9','PRDa8db6f21ccee4dbd',189),
('PA8d01668242354aa6','PED63ef69b6b5fd4083','PRD802982bff1294be0',142),
('PAd444dff59139476d','PED63ef69b6b5fd4083','PRD64fe257a4e014ce6',78),
('PA6ef1ffe7657c40ab','PED63ef69b6b5fd4083','PRDa8db6f21ccee4dbd',9),
('PA1b8df44af7a14189','PED63ef69b6b5fd4083','PRD4524146c35c048eb',133),
('PA042a1151eaed497e','PED63ef69b6b5fd4083','PRD67a214d4072f408d',45),
('PA402b202b01094d75','PED05608435f2044b80','PRD802982bff1294be0',95),
('PA7d974e5a833a4a77','PED05608435f2044b80','PRD620eb817a2b5470b',18),
('PA217471f806bf42ad','PED05608435f2044b80','PRD64fe257a4e014ce6',106),
('PA75434d5165ac47ce','PED05608435f2044b80','PRDa8db6f21ccee4dbd',25),
('PA9ab0d523fef94d19','PED7c53d5905aaf497f','PRD802982bff1294be0',172),
('PAf317e1f7130d46f3','PED7c53d5905aaf497f','PRDe975c9e766c84426',42),
('PAbf1dc51f36da4cfb','PED7c53d5905aaf497f','PRD64fe257a4e014ce6',199),
('PA4205b72e9d5649e9','PEDf8e008d8625841d2','PRD4524146c35c048eb',101),
('PA0aebd84da16c47bb','PEDde5694a147c741db','PRD802982bff1294be0',173),
('PAc5f33eec5a5d409b','PEDde5694a147c741db','PRD47d829354c084861',3),
('PA8cd514f7303c4dd0','PEDde5694a147c741db','PRDa8db6f21ccee4dbd',50),
('PA49f5be7b78b9454f','PEDde5694a147c741db','PRD4524146c35c048eb',85),
('PA4fb32ebd8c234f62','PEDde5694a147c741db','PRDef9a17650c1d491a',2),
('PAd287a3d2fd704146','PEDe05257b5526b4078','PRD4524146c35c048eb',46),
('PA85fc2844c79c416f','PEDe05257b5526b4078','PRD76601e80e8c149f8',37),
('PAd61a13c4f012482f','PEDf1e62da41a5e43ca','PRD4524146c35c048eb',103),
('PAb5c2878628a74840','PEDf1e62da41a5e43ca','PRDa8db6f21ccee4dbd',198),
('PAb7ff232dcb644615','PED29e7bdba1e3849b1','PRD802982bff1294be0',18),
('PA96a60b1400cc49cc','PED29e7bdba1e3849b1','PRDa8db6f21ccee4dbd',30),
('PA46f78e5f0226443b','PEDcbb5d5e47488457d','PRD802982bff1294be0',120),
('PA82f0e27260554b38','PEDcbb5d5e47488457d','PRD4524146c35c048eb',130),
('PA979e0ffa82054a89','PEDcbb5d5e47488457d','PRDfcc1a188b54b4272',15),
('PA39d59317092f4a7a','PEDcbb5d5e47488457d','PRDa8db6f21ccee4dbd',96),
('PA23e73da6673e4b64','PED778268407ef14590','PRD802982bff1294be0',102),
('PA7d3b6ddd2cda4023','PED778268407ef14590','PRD64fe257a4e014ce6',187),
('PAfb679ced15b24ec9','PED778268407ef14590','PRDa8db6f21ccee4dbd',167),
('PAab18a90c6a834cc7','PED778268407ef14590','PRD4524146c35c048eb',44),
('PA8ccca5e281454d16','PED778268407ef14590','PRD31e8c28b89af4761',48),
('PAa83d998ab35c4479','PED9967f4eb5f3f48a2','PRD802982bff1294be0',79),
('PA0bc5528b5f4c4be0','PED9967f4eb5f3f48a2','PRD4524146c35c048eb',110),
('PA169684cf692a4dd8','PED9967f4eb5f3f48a2','PRD8ef56583009748c0',25),
('PA796b9e4bcc384626','PED9967f4eb5f3f48a2','PRDa8db6f21ccee4dbd',26),
('PAaa9642928473476c','PED245ab62a2eb84f39','PRD802982bff1294be0',97),
('PAedfd3f4462e5485b','PED245ab62a2eb84f39','PRD64fe257a4e014ce6',69),
('PA758e2d4743af410f','PED245ab62a2eb84f39','PRDa8db6f21ccee4dbd',68),
('PA2f10a880411143dc','PED245ab62a2eb84f39','PRD4524146c35c048eb',189),
('PA209fff8919744f73','PED245ab62a2eb84f39','PRD6425398276ef44e1',41),
('PA129d11d828964017','PED335227f90e774e45','PRD4524146c35c048eb',157),
('PA6950cca070174a03','PED335227f90e774e45','PRD354020a06d6141cd',9),
('PA1e670ae33e8e4d95','PED335227f90e774e45','PRD64fe257a4e014ce6',81),
('PA34e882c5202a4466','PED335227f90e774e45','PRDfcc1a188b54b4272',21),
('PA0149bdabd74946f0','PED4ca364d5757a4588','PRD64fe257a4e014ce6',67),
('PA73ca4a80dded4924','PED4ca364d5757a4588','PRD4524146c35c048eb',88),
('PAd0c517bc21664b06','PED4ca364d5757a4588','PRD415d8f40d6fb478d',25),
('PAfea5d56702434654','PED4ca364d5757a4588','PRDfcc1a188b54b4272',18),
('PAc24323e5daae40ca','PED4ca364d5757a4588','PRD12e6b87b35ec4af2',26),
('PAa66a366c327a40de','PED3ee7d404fc22433f','PRD802982bff1294be0',186),
('PAa2c269452ad34eb4','PED3ee7d404fc22433f','PRDe975c9e766c84426',14),
('PA3b19cca0e21a4bc1','PED3ee7d404fc22433f','PRD64fe257a4e014ce6',117),
('PA956415b4c0ab4fd8','PED9fd213726a4f4938','PRD4524146c35c048eb',40),
('PA3a8158610a9b431d','PED9fd213726a4f4938','PRD5bef840ddde344b2',41),
('PA0bf2548aafaf4855','PED9fd213726a4f4938','PRD12e6b87b35ec4af2',20),
('PA448c06557443402e','PED8e5e429a83214f8e','PRD4524146c35c048eb',23),
('PA25bfc0fd2b34417d','PED8e5e429a83214f8e','PRD64fe257a4e014ce6',119),
('PAea4504e4b7264fcc','PEDaaad38d324944c98','PRD802982bff1294be0',115),
('PA3a5413b9c045497c','PEDaaad38d324944c98','PRD64fe257a4e014ce6',32),
('PA89d49c29fd174cde','PEDaaad38d324944c98','PRDa8db6f21ccee4dbd',7),
('PAac51e75bbed44e65','PEDaaad38d324944c98','PRD4524146c35c048eb',30),
('PA6e7ea9192a55418e','PEDaaad38d324944c98','PRDfcc1a188b54b4272',17),
('PAfdc88228897e49ef','PED0d64f0985aa24848','PRD4524146c35c048eb',123),
('PA985bda5aae8a4cce','PED0d64f0985aa24848','PRD64fe257a4e014ce6',178),
('PA8f9e00aad5504316','PED244468ac9bbe43ef','PRD802982bff1294be0',67),
('PA9e34c8a8cac94513','PED244468ac9bbe43ef','PRD64fe257a4e014ce6',137),
('PA22b855eb670442a6','PED244468ac9bbe43ef','PRDa8db6f21ccee4dbd',49),
('PA8cfd393a75f54930','PED244468ac9bbe43ef','PRD4524146c35c048eb',146),
('PA9805de41c8e24393','PED244468ac9bbe43ef','PRD67dc0c34c5f24137',11),
('PAa74b34b64ca44e5f','PED7788ae1b85c340dd','PRD4524146c35c048eb',152),
('PA6a129709c2d84068','PED7788ae1b85c340dd','PRD802982bff1294be0',31),
('PAa18e732c03404c80','PED7788ae1b85c340dd','PRD64fe257a4e014ce6',142),
('PAb61fb88132e3475c','PED9be71ccaefbf4e77','PRD64fe257a4e014ce6',176),
('PA0e2d8c1a44c14f9c','PED9be71ccaefbf4e77','PRDa8db6f21ccee4dbd',130),
('PA286892b5ac9a49ca','PED5adff73ee28849aa','PRD64fe257a4e014ce6',85),
('PA48e442bed0764059','PED5adff73ee28849aa','PRDa8db6f21ccee4dbd',35),
('PA358e754167b249ea','PED5adff73ee28849aa','PRD4524146c35c048eb',66),
('PAc5b57ca43d914fcb','PED5adff73ee28849aa','PRDfcc1a188b54b4272',20),
('PAbc10f2439e624fba','PED5adff73ee28849aa','PRDef9a17650c1d491a',8),
('PA6890de9d34a64cf0','PEDff417ceb3bc44351','PRD4524146c35c048eb',157),
('PA9d032b42fd8f43a2','PEDff417ceb3bc44351','PRD64fe257a4e014ce6',40),
('PA717d8cd7a9534f18','PEDfb347faca0bd47fd','PRD64fe257a4e014ce6',172),
('PA700072f6a2ba419d','PEDfb347faca0bd47fd','PRDa8db6f21ccee4dbd',131),
('PA05bf8f13603f4c8c','PEDfb347faca0bd47fd','PRD4524146c35c048eb',109),
('PAce4ca4435b7d4121','PEDfb347faca0bd47fd','PRD891a668e44784184',44),
('PA204c63b5a27f485e','PEDfb347faca0bd47fd','PRD3318439a63b442df',32),
('PA9fd4b5e67b33460c','PED3afab4f59a55459c','PRD4524146c35c048eb',62),
('PA76f7b5ab2fe949f2','PED3afab4f59a55459c','PRD802982bff1294be0',142),
('PA16c7f235b2524816','PED3afab4f59a55459c','PRD64fe257a4e014ce6',78),
('PA3b8fa486ce8c4eff','PED3afab4f59a55459c','PRDa8db6f21ccee4dbd',48),
('PA4274f8d0f2c34f97','PEDf368053b4e9f481a','PRD4524146c35c048eb',81),
('PAf97b3e5b9a2d40c6','PEDf368053b4e9f481a','PRD802982bff1294be0',13),
('PA022db5f9550d4f3d','PEDf368053b4e9f481a','PRD64fe257a4e014ce6',120),
('PAfb28efec407a4ca5','PEDf368053b4e9f481a','PRDa8db6f21ccee4dbd',72),
('PAbe2b4592616447eb','PEDc1028a20820a4e41','PRD802982bff1294be0',58),
('PA1e6da0d3a3344d88','PEDc1028a20820a4e41','PRD5bef840ddde344b2',48),
('PAf49e3a662e9749c5','PEDc1028a20820a4e41','PRD64fe257a4e014ce6',155),
('PA5dc29978f3bc40da','PED9a4714207c3c4e68','PRD12e6b87b35ec4af2',4),
('PA69ed886d15254b9e','PED9a4714207c3c4e68','PRD64fe257a4e014ce6',150),
('PAcd67984802314d7e','PED9a4714207c3c4e68','PRD5c1d11c678a64f87',23),
('PAc59533830c654a8c','PED1c4c71281e60405f','PRD64fe257a4e014ce6',197),
('PAb1174a843e1f49a9','PED1c4c71281e60405f','PRD02dc2ce1a1614dd4',27),
('PAe62b0df135b94c34','PED1c4c71281e60405f','PRDa8db6f21ccee4dbd',20),
('PAe0d848823cb24475','PED1c4c71281e60405f','PRD3318439a63b442df',18),
('PAab377f7d472148ed','PED1c4c71281e60405f','PRD67a214d4072f408d',42),
('PA21f9b7861f8c4580','PED308a230dbcc54834','PRD64fe257a4e014ce6',68),
('PA2fb3cf49731d453f','PED308a230dbcc54834','PRDa8db6f21ccee4dbd',199),
('PA95dc1c5eb38149cf','PED60d161b316494fde','PRD4524146c35c048eb',28),
('PA383788eaa9a245b5','PED60d161b316494fde','PRD802982bff1294be0',192),
('PAc8d5e76c0a884480','PED60d161b316494fde','PRD67dc0c34c5f24137',30),
('PA1ee240c10ba04330','PED60d161b316494fde','PRDa8db6f21ccee4dbd',167),
('PA3cf3237899aa4107','PED91106d16b0f94193','PRD64fe257a4e014ce6',131),
('PA67fb2bfd4bf8466e','PED91106d16b0f94193','PRD415d8f40d6fb478d',18),
('PAe51c2a9ff6964431','PED91106d16b0f94193','PRD12e6b87b35ec4af2',21),
('PAc471190f35b148ce','PED15de56056f5b4af9','PRD4524146c35c048eb',16),
('PA045761264ce34b32','PED15de56056f5b4af9','PRD802982bff1294be0',30),
('PAc1638a2746ff49f9','PED15de56056f5b4af9','PRD64fe257a4e014ce6',165),
('PAd8aa8d649e8948d5','PEDda894ed4f57d4d0e','PRD802982bff1294be0',45),
('PA6fe603a6b1de4069','PEDda894ed4f57d4d0e','PRD31e8c28b89af4761',18),
('PAfb4ecbeeffc943a4','PEDda894ed4f57d4d0e','PRD76601e80e8c149f8',6),
('PAead870eefedc4ad4','PEDda894ed4f57d4d0e','PRD64fe257a4e014ce6',172),
('PA1da16974e2654455','PED4f9eb2f7e9134f95','PRD802982bff1294be0',185),
('PAf290a4357f1c4a63','PED4f9eb2f7e9134f95','PRD64fe257a4e014ce6',29),
('PA284613ba304c46c3','PED4f9eb2f7e9134f95','PRDa8db6f21ccee4dbd',5),
('PA155660f4349e49cb','PED4293e9780cef43b3','PRD4524146c35c048eb',7),
('PA794473ce7b1145a3','PED4293e9780cef43b3','PRD64fe257a4e014ce6',7),
('PA7a4089eded3a4754','PED127e552915d24088','PRD4524146c35c048eb',31),
('PA268aecb30d5b4072','PED127e552915d24088','PRD31e8c28b89af4761',21),
('PA0975e2d7628a4ddd','PED127e552915d24088','PRD802982bff1294be0',99),
('PAa367bea70cf244b6','PEDbb216a3b2d494d49','PRD802982bff1294be0',180),
('PA5b91176b54e14f60','PEDbb216a3b2d494d49','PRD64fe257a4e014ce6',118),
('PAd466077d2ac74e1c','PEDbb216a3b2d494d49','PRD5c1d11c678a64f87',14),
('PA48e73f1528774f40','PED96879892070641fa','PRD02dc2ce1a1614dd4',49),
('PAef2b1487ec2e401d','PEDf36445dc960f4228','PRD4524146c35c048eb',94),
('PAc6e9205b08b64507','PED22508200a74c4f94','PRD802982bff1294be0',82),
('PA00be6f4b620d4b7e','PED22508200a74c4f94','PRD67a214d4072f408d',14),
('PA2e5f0de65c08461e','PED22508200a74c4f94','PRD64fe257a4e014ce6',137),
('PAe7259c343cc14356','PED22508200a74c4f94','PRDa8db6f21ccee4dbd',160),
('PA23c2fdc53c40422a','PEDa74319e350514cc4','PRD802982bff1294be0',134),
('PA8fd852e96d27470d','PEDa74319e350514cc4','PRD64fe257a4e014ce6',78),
('PA27e95f254a694d21','PEDa74319e350514cc4','PRD4524146c35c048eb',165),
('PA5e7ca4b4228144ac','PEDa74319e350514cc4','PRDfcc1a188b54b4272',46),
('PA8264dcf1a1a146f7','PEDa74319e350514cc4','PRD06ef1af651be46fb',33),
('PA66623e1ce1e84f9d','PEDb935ddda24414ee8','PRD4524146c35c048eb',142),
('PA9aac66dc851b4963','PEDb935ddda24414ee8','PRD64fe257a4e014ce6',88),
('PA5d248fd1ada845d4','PEDb935ddda24414ee8','PRD02dc2ce1a1614dd4',26),
('PA77010f97f47b424d','PEDb935ddda24414ee8','PRDa8db6f21ccee4dbd',155),
('PAefedc2ec164b460e','PEDf22cf1fa7f204612','PRD4524146c35c048eb',191),
('PA47ce0c2d492f4692','PEDaa1db96a58524834','PRD802982bff1294be0',121),
('PA106b6458129c4cb6','PEDaa1db96a58524834','PRD9a5c84b7bcf9448d',40),
('PA021431ef1651460b','PED3cdfaaafdd2247b1','PRD802982bff1294be0',31),
('PA2c08bc0cb553415a','PED3cdfaaafdd2247b1','PRD4524146c35c048eb',151),
('PA0ee92f8cfa32456c','PED3cdfaaafdd2247b1','PRD64fe257a4e014ce6',177),
('PA6bf3f6cfe38e43a5','PED3cdfaaafdd2247b1','PRDa8db6f21ccee4dbd',190),
('PAd1fc787f20f64a11','PEDb5b478686aab41d4','PRD802982bff1294be0',16),
('PA6f3bb0862763416f','PED1f3b17274185483b','PRD4524146c35c048eb',98),
('PAc105026d448246e4','PED8d1ab7e3d33b4810','PRD4524146c35c048eb',111),
('PA278dabf8e31e470b','PED8d1ab7e3d33b4810','PRD620eb817a2b5470b',47),
('PAed18db9b7d384657','PED8d1ab7e3d33b4810','PRD47d829354c084861',21),
('PAc7e99ea69811413a','PED8d1ab7e3d33b4810','PRD64fe257a4e014ce6',74),
('PA354f2d4a5e8c4388','PED8ea0b011dc1a409a','PRD802982bff1294be0',133),
('PAb07dd59f14274f62','PEDc970dc1bedeb4636','PRD802982bff1294be0',107),
('PA4cee3c9bd0ad490e','PED8023d4d0847c4bad','PRD76601e80e8c149f8',50),
('PAba36b0ebaa664547','PED11dc0fdc75e04a32','PRD4524146c35c048eb',194),
('PAc8eb1ba49b0447d4','PED11dc0fdc75e04a32','PRD64fe257a4e014ce6',164),
('PA94ca600a2eb1453e','PED11dc0fdc75e04a32','PRDa8db6f21ccee4dbd',67),
('PAa7db91a6b5d44cc1','PED0f8386aaa46a4391','PRD4524146c35c048eb',167),
('PAd57a69f7e9374bcb','PED0f8386aaa46a4391','PRD53c93f292e274bc7',45),
('PA2523436094034101','PED0f8386aaa46a4391','PRD64fe257a4e014ce6',7),
('PA7342d3f5edd94a75','PED0f8386aaa46a4391','PRDa8db6f21ccee4dbd',90),
('PA8ae6c44d7cfe4df3','PEDc8d49b65f4c7431e','PRD4524146c35c048eb',193),
('PAef39289e13114101','PED15c2d8df6ef64be0','PRD802982bff1294be0',187),
('PA3abdfcee108f43b5','PED15c2d8df6ef64be0','PRD64fe257a4e014ce6',76),
('PA2e0cb1c488d44f27','PED15c2d8df6ef64be0','PRD02dc2ce1a1614dd4',6),
('PAb42b603b003445a9','PEDf8fab4bbcbb74989','PRD3318439a63b442df',27),
('PAecfc3bde0a2742e8','PED8655612a418c4297','PRD802982bff1294be0',24),
('PA462b2876b5b542ba','PED8655612a418c4297','PRD4524146c35c048eb',156),
('PA0fb1429189214040','PED8655612a418c4297','PRD64fe257a4e014ce6',150),
('PAcfde5e4ffb574c2a','PEDbe0ed7c6de4946ee','PRD64fe257a4e014ce6',65),
('PA98c3f6578c8947e9','PED9be6b17767ae4a83','PRD06ef1af651be46fb',9),
('PAd6369b03dbfc405e','PED9be6b17767ae4a83','PRD64fe257a4e014ce6',154),
('PA87ebc10fea214396','PED9be6b17767ae4a83','PRDa8db6f21ccee4dbd',32),
('PAe7f44b257f5b4718','PEDdd680fcdde3f497c','PRD4524146c35c048eb',58),
('PA7456152d82984382','PEDdd680fcdde3f497c','PRDa8db6f21ccee4dbd',120),
('PA406a513c77f64b2a','PED0cd69df82c1643a3','PRD802982bff1294be0',159),
('PAad8df4f1d1414c8d','PED0cd69df82c1643a3','PRD296b768d17634782',3),
('PAe883168018dc4313','PED0cd69df82c1643a3','PRDa8db6f21ccee4dbd',60),
('PAb5a2c0d4fa3642f2','PEDe0352583575e4a3e','PRD06ef1af651be46fb',17),
('PAce79681246364352','PEDe0352583575e4a3e','PRD64fe257a4e014ce6',49),
('PA59714b3a092a4792','PEDe0352583575e4a3e','PRDa8db6f21ccee4dbd',12),
('PAa50a17a705234bbf','PEDfa273907bd864fbe','PRD802982bff1294be0',36),
('PA91e254f921084a68','PEDfa273907bd864fbe','PRD64fe257a4e014ce6',8),
('PA9397bd50dc634a94','PEDfa273907bd864fbe','PRD77d1485d895a4559',4),
('PA3115ecd9da84407a','PEDfa273907bd864fbe','PRD02dc2ce1a1614dd4',50),
('PA7951f2be21944139','PEDf6b763288427481b','PRD4524146c35c048eb',154),
('PA26f92a94e91745b7','PEDf6b763288427481b','PRD802982bff1294be0',155),
('PA2bfab3f308a644e5','PED13fc9d0f1e1b4a5d','PRD802982bff1294be0',37),
('PA3894f63faa154855','PED13fc9d0f1e1b4a5d','PRD4524146c35c048eb',28),
('PAbacbd81d2e7e410b','PED13fc9d0f1e1b4a5d','PRD5bef840ddde344b2',22),
('PA179d717fd6504aee','PED52ff6be763eb4449','PRD4524146c35c048eb',17),
('PAd1effb69372f4316','PED20005f5166fc464c','PRD06ef1af651be46fb',32),
('PAf7ea60dfc98646bb','PED20005f5166fc464c','PRD31e8c28b89af4761',2),
('PA5758b976f9ea434b','PED0a6c84146ccc4225','PRD4524146c35c048eb',103),
('PA7aee49f2313c48c7','PED0a6c84146ccc4225','PRD47d829354c084861',9),
('PA95e67357fa4348c3','PED0a6c84146ccc4225','PRD64fe257a4e014ce6',112),
('PAf5110ab525cb429d','PED0a6c84146ccc4225','PRDa8db6f21ccee4dbd',56),
('PA9121fb6cd7e243c2','PED506f212eaa1146f5','PRD802982bff1294be0',11),
('PA09374682029e41d7','PED506f212eaa1146f5','PRD64fe257a4e014ce6',86),
('PA4c1f7a2e09474c93','PED506f212eaa1146f5','PRDa8db6f21ccee4dbd',157),
('PAc1b5228b4c0649da','PED506f212eaa1146f5','PRD4524146c35c048eb',61),
('PA89d9e5ca6424441e','PED506f212eaa1146f5','PRD12e6b87b35ec4af2',2),
('PAe79cc8bb86a94f7d','PED70eaabd585bd4730','PRD4524146c35c048eb',68),
('PA2921b50ea0a14a5c','PED70eaabd585bd4730','PRD9a5c84b7bcf9448d',43),
('PAaec97878354e4896','PED70eaabd585bd4730','PRD64fe257a4e014ce6',66),
('PA564e5aeee8514d30','PED87a69a64841541f4','PRD802982bff1294be0',95),
('PA206ec44827e64702','PED87a69a64841541f4','PRD4524146c35c048eb',49),
('PA8d8326e1f63e40e8','PED87a69a64841541f4','PRD64fe257a4e014ce6',50),
('PA5e9a49108b754985','PED52ddb0ad3ae3434f','PRD8ef56583009748c0',46),
('PA3dd38b45cc83449f','PED52ddb0ad3ae3434f','PRDa8db6f21ccee4dbd',184),
('PA87cfeb59e2b24748','PEDb5e2d93a28c54721','PRD12e6b87b35ec4af2',32),
('PA8cfe104eaa67458b','PEDb5e2d93a28c54721','PRD64fe257a4e014ce6',143),
('PAa9b32fb7711440d6','PEDb5e2d93a28c54721','PRDef9a17650c1d491a',20),
('PA3f7cb8b41cef422c','PED02c7d8cace974d3e','PRD802982bff1294be0',10),
('PAbd7c2c1f29f74c52','PED02c7d8cace974d3e','PRD64fe257a4e014ce6',139),
('PA57f67ecb3bea4895','PEDf61a9ea0b1de4cfd','PRD0cd9bbd02c074579',46),
('PAdb861b6830e34537','PEDf61a9ea0b1de4cfd','PRD64fe257a4e014ce6',174),
('PA3037336474cd45b9','PEDf61a9ea0b1de4cfd','PRDfcc1a188b54b4272',26),
('PAbed701321d424430','PEDf61a9ea0b1de4cfd','PRDa8db6f21ccee4dbd',155),
('PAc388a5a4a8774e9d','PED3b035e4de1fe40e4','PRDa8db6f21ccee4dbd',39),
('PA5f7a94aed5694284','PED086d0d30c4d44374','PRD4524146c35c048eb',186),
('PA91cd984bd59640f5','PED086d0d30c4d44374','PRD64fe257a4e014ce6',148),
('PA6093810e10704650','PED6f6fd7b819e64436','PRD802982bff1294be0',61),
('PA9d4ea217a5484f70','PED6f6fd7b819e64436','PRD64fe257a4e014ce6',168),
('PA178f11104ae94062','PED6f6fd7b819e64436','PRDa8db6f21ccee4dbd',149),
('PA9611bbac5c59451f','PED6f6fd7b819e64436','PRDef9a17650c1d491a',7),
('PA77a21b12329c452b','PED6f6fd7b819e64436','PRD5c1d11c678a64f87',32),
('PA74d337282998409a','PED85319e465b8145f4','PRD802982bff1294be0',47),
('PAda87bc3dbe19426e','PED85319e465b8145f4','PRDa8db6f21ccee4dbd',167),
('PAd2be6c9c397446cb','PED638e70bda219449b','PRD67a214d4072f408d',41),
('PA4c13e06487334f60','PEDadee1f9cca5c425a','PRD802982bff1294be0',47),
('PA650f2cdf90b54dd1','PEDadee1f9cca5c425a','PRD4524146c35c048eb',110),
('PA39d8b9434a8849b4','PEDadee1f9cca5c425a','PRDa8db6f21ccee4dbd',131),
('PAc9ba2512d0d0406c','PED8d9c4a4e559e4116','PRD4524146c35c048eb',71),
('PA18cc746fda534d94','PED8d9c4a4e559e4116','PRD802982bff1294be0',31),
('PAd811d286069a406c','PED8d9c4a4e559e4116','PRD64fe257a4e014ce6',23),
('PAa785c145eec5485b','PED8d9c4a4e559e4116','PRDa8db6f21ccee4dbd',92),
('PAa3451e4fd021460a','PED781d48a7ce7c414e','PRD802982bff1294be0',91),
('PAdb0f8d96859d4e31','PED781d48a7ce7c414e','PRD620eb817a2b5470b',39),
('PA34f2718f582348d0','PED18810b0c1fea47e8','PRD802982bff1294be0',174),
('PA62bb31afd40e46a5','PED18810b0c1fea47e8','PRD64fe257a4e014ce6',77),
('PA0c5b7e7d7df24218','PED18810b0c1fea47e8','PRDa8db6f21ccee4dbd',81),
('PA44af63ae0eab46ca','PED18810b0c1fea47e8','PRD4524146c35c048eb',65),
('PA7ee55771a63c463c','PED18810b0c1fea47e8','PRD296b768d17634782',7),
('PAafb682a8e2064117','PED2976fcd8f70e4f59','PRD4524146c35c048eb',44),
('PA7763285001754bbc','PED49c588139bf84817','PRD4524146c35c048eb',27),
('PA0a3c34f391994a34','PED4b7daa5e89c24378','PRD354020a06d6141cd',6),
('PA2f234277ceb04b5d','PED4b7daa5e89c24378','PRD64fe257a4e014ce6',126),
('PA8de1917ef0424d06','PED4b7daa5e89c24378','PRDa8db6f21ccee4dbd',34),
('PAad6e83d41a2d4f78','PEDa07e278856494ffa','PRD4524146c35c048eb',73),
('PA0dc4607b2e484da8','PEDa07e278856494ffa','PRD64fe257a4e014ce6',149),
('PA73403edc390145ff','PEDa07e278856494ffa','PRDa8db6f21ccee4dbd',20),
('PA75be2d85ef274af5','PEDb80dcf6fdfe74a58','PRD802982bff1294be0',143),
('PA8754589400964b54','PEDb80dcf6fdfe74a58','PRDa8db6f21ccee4dbd',110),
('PAdaef75fd0a2649a9','PEDa2a718bfff3e4d6e','PRD802982bff1294be0',54),
('PA5cb6327362c9470e','PEDa2a718bfff3e4d6e','PRD64fe257a4e014ce6',37),
('PA90c53d3894084b82','PEDa2a718bfff3e4d6e','PRD4524146c35c048eb',15),
('PAe6cc87765f3c47e0','PEDa2a718bfff3e4d6e','PRD3318439a63b442df',28),
('PA069750a3768441fa','PEDa2a718bfff3e4d6e','PRD12e6b87b35ec4af2',6),
('PA1a37ee4def574a27','PED8443cb7b45e34356','PRD802982bff1294be0',146),
('PA08a8aac4d60f4590','PED8443cb7b45e34356','PRD4524146c35c048eb',88),
('PAea65c8f4742e4fb7','PED8443cb7b45e34356','PRD6c33d709bf7e461f',18),
('PAe72b008bcdfa4ccc','PED8443cb7b45e34356','PRD64fe257a4e014ce6',138),
('PA9c3a3c8d4e84422a','PED0384543837ff4d2c','PRD4524146c35c048eb',32),
('PAf246d79b6fe14539','PED0384543837ff4d2c','PRD8ef56583009748c0',37),
('PAa76dc06d0d3f4d62','PED0384543837ff4d2c','PRD64fe257a4e014ce6',30),
('PA3fac9f73373d4168','PED0384543837ff4d2c','PRD802982bff1294be0',78),
('PA0e9b4ca5b36c4ebc','PEDbfbb10ade5b648fc','PRD802982bff1294be0',91),
('PAd0fa9ff1a05e4468','PEDbfbb10ade5b648fc','PRD8ef56583009748c0',20),
('PA613281246dbd449d','PEDbfbb10ade5b648fc','PRDa8db6f21ccee4dbd',84),
('PAe27763a640f0499f','PEDbfbb10ade5b648fc','PRD4524146c35c048eb',76),
('PA14cc2e789a714338','PEDbfbb10ade5b648fc','PRD31e8c28b89af4761',32),
('PA17e62c63fa4949ec','PED9b3ea4e12ddf4f9a','PRD6425398276ef44e1',9),
('PA0471543a52974491','PED8e0e5915ea104631','PRD4524146c35c048eb',159),
('PA45641b0d054442a3','PED8e0e5915ea104631','PRDe975c9e766c84426',42),
('PA64dc02aacaaa425f','PED8e0e5915ea104631','PRDa8db6f21ccee4dbd',27),
('PA0a6928a510414d83','PED26433102fbd64bdb','PRD4524146c35c048eb',19),
('PA3222e50021044c78','PED26433102fbd64bdb','PRDa8db6f21ccee4dbd',136),
('PAb5b6f30e12304e5e','PED5dfaee00d2b64587','PRD4524146c35c048eb',49),
('PA16b19d7b7538465f','PED5dfaee00d2b64587','PRD802982bff1294be0',54),
('PA442626b3f16243cc','PEDbbda9a89770945dd','PRD802982bff1294be0',97),
('PAbaa686d83c424b1b','PEDbbda9a89770945dd','PRD6425398276ef44e1',46),
('PA86b28d5fdc2241fb','PED843f39315be948c5','PRD4524146c35c048eb',179),
('PAd75ea08c9c8d4531','PED843f39315be948c5','PRD802982bff1294be0',12),
('PA6dd9ec058d5f402f','PEDcdb243113f0848f6','PRD4524146c35c048eb',93),
('PAec2ef38c94ba447c','PEDcdb243113f0848f6','PRDa8db6f21ccee4dbd',46),
('PA92b33eae0f2b4ff3','PEDc8e4bfeca71343d1','PRD802982bff1294be0',61),
('PA3d59a67e4a1143dc','PEDc8e4bfeca71343d1','PRD4524146c35c048eb',170),
('PA7f0759dbf8014bf9','PEDc8e4bfeca71343d1','PRD64fe257a4e014ce6',62),
('PA2549a0edab9041fb','PED766e5c6de6bc4b4e','PRD4524146c35c048eb',126),
('PA4996245f4b4e4769','PED766e5c6de6bc4b4e','PRD802982bff1294be0',38),
('PAdf15d956e1ad4e15','PED407235157aab422d','PRD802982bff1294be0',187),
('PA6d335bde9fb648b3','PED407235157aab422d','PRDa8db6f21ccee4dbd',186),
('PAb4442beb277142b8','PED644e48ea9da9493f','PRD4524146c35c048eb',135),
('PAf422a4c94c5e4cda','PED644e48ea9da9493f','PRD802982bff1294be0',174),
('PA69c4dbaed1a34874','PED644e48ea9da9493f','PRDe975c9e766c84426',24),
('PAa70a7e480eaf4627','PED79baa376232b40b9','PRD802982bff1294be0',158),
('PAdd3cbe9c51bd4afc','PED79baa376232b40b9','PRD64fe257a4e014ce6',108),
('PAffb6e5df81024a63','PED79baa376232b40b9','PRDa8db6f21ccee4dbd',174),
('PA724e144bd65f43a8','PED79baa376232b40b9','PRD354020a06d6141cd',21),
('PA57f52c5ef1fa4b36','PED79baa376232b40b9','PRD12e6b87b35ec4af2',44),
('PAb596a04e3efb4c22','PED0f1367e9b5814f03','PRD4524146c35c048eb',112),
('PA967b631eba9c4bfe','PED0f1367e9b5814f03','PRD6c33d709bf7e461f',26),
('PA59752bf901374cec','PED967b7c5ce3934081','PRD4524146c35c048eb',48),
('PA080e8cb281e241a8','PED967b7c5ce3934081','PRD67a214d4072f408d',43),
('PA22a2e09f8ff44bcf','PED967b7c5ce3934081','PRD64fe257a4e014ce6',147),
('PA48c1a589742c417c','PED967b7c5ce3934081','PRDa8db6f21ccee4dbd',51),
('PA9f842472ad464891','PED1b4bee3527e84c5d','PRD64fe257a4e014ce6',112),
('PA46c91ab7afd141de','PED1b4bee3527e84c5d','PRDfcc1a188b54b4272',22),
('PA0fadba7637a243bd','PED1b4bee3527e84c5d','PRDa8db6f21ccee4dbd',100),
('PAdef5df433e454024','PED23961c3f1bec4d46','PRD4524146c35c048eb',125),
('PA07329844537d42c4','PED23961c3f1bec4d46','PRD802982bff1294be0',54),
('PA60419b75d4984028','PED23961c3f1bec4d46','PRD891a668e44784184',33),
('PA56f460cf22e54bec','PED3f3501866e4b4dc5','PRD06ef1af651be46fb',34),
('PA4561e61c7ed84b19','PEDa07225d8e6a644b9','PRD4524146c35c048eb',6),
('PA680b70ec74fc42f4','PEDa07225d8e6a644b9','PRD802982bff1294be0',120),
('PAb56a8ef51ab94ded','PEDa07225d8e6a644b9','PRD64fe257a4e014ce6',75),
('PA34181849d2e8493b','PEDe4cb45b7503b439e','PRD802982bff1294be0',38),
('PAe7de70a887bf4acc','PEDe4cb45b7503b439e','PRD64fe257a4e014ce6',162),
('PA66e9da09e5df4265','PED50b0a1ff8fc44092','PRD4524146c35c048eb',198),
('PAe3262d4163944c0a','PED50b0a1ff8fc44092','PRD802982bff1294be0',140),
('PA66db7d42e47f4199','PED50b0a1ff8fc44092','PRDfcc1a188b54b4272',13),
('PAf844e2f0d79c4cac','PED50b0a1ff8fc44092','PRDa8db6f21ccee4dbd',9),
('PAa18b2562a6d14835','PED28bc97592895477b','PRD64fe257a4e014ce6',62),
('PAd6fdf11e16ca4a49','PED6306f96f5a874383','PRD802982bff1294be0',92),
('PAc905d5850e8741f2','PED6306f96f5a874383','PRD64fe257a4e014ce6',130),
('PA79840e92918e4874','PED6306f96f5a874383','PRDa8db6f21ccee4dbd',96),
('PAb94367af5c2b4ff5','PED839236d401d44873','PRD4524146c35c048eb',191),
('PA271f096130b34ae9','PED839236d401d44873','PRD64fe257a4e014ce6',38),
('PAc79ffb514d9742cb','PED5666ddc0e4124465','PRD802982bff1294be0',101),
('PAe46b08ed8624449e','PED5666ddc0e4124465','PRD64fe257a4e014ce6',168),
('PA0d8f499314a44425','PED638fb2c694bd4ba1','PRD802982bff1294be0',126),
('PA951da1134a164b34','PED638fb2c694bd4ba1','PRD4524146c35c048eb',184),
('PA89a184da76f541ca','PED638fb2c694bd4ba1','PRDa8db6f21ccee4dbd',44),
('PAdfad76b63e4249c2','PEDf0a7cf9c96524c9d','PRD802982bff1294be0',164),
('PA53dda0d831414a65','PEDf0a7cf9c96524c9d','PRDa8db6f21ccee4dbd',160),
('PAa60fe9d0556e4eba','PED470e81b745c54b14','PRD802982bff1294be0',72),
('PA7279213d0521414e','PED470e81b745c54b14','PRD64fe257a4e014ce6',138),
('PAbd1725bc9a4242b2','PED1db7e7e0973f4851','PRD4524146c35c048eb',145),
('PAdc320632e7844ffb','PED1db7e7e0973f4851','PRD802982bff1294be0',132),
('PAfe91e70377414276','PED1e0c8242e3814246','PRD4524146c35c048eb',8),
('PA28613b9a5b3d42b7','PED1e0c8242e3814246','PRD802982bff1294be0',176),
('PA81ef6d60c197429b','PED20731429b7204c77','PRDef9a17650c1d491a',43),
('PAe9f0d35fa5434443','PED44e13c9386e448ed','PRD802982bff1294be0',15),
('PA068d042e3f924a34','PED44e13c9386e448ed','PRD354020a06d6141cd',19),
('PA17abb1b881244bd2','PED44e13c9386e448ed','PRD64fe257a4e014ce6',97),
('PAa33aba468d39491a','PED44e13c9386e448ed','PRDa8db6f21ccee4dbd',178),
('PA2e22fd2f73de4d27','PEDf51e5d0e74b74f97','PRD802982bff1294be0',164),
('PA6117eaa5da1340e6','PEDf51e5d0e74b74f97','PRD4524146c35c048eb',73),
('PAf46ac3afc6414b0b','PEDf51e5d0e74b74f97','PRD64fe257a4e014ce6',192),
('PA3a824b55e10c40ca','PEDc29b67c076bc485b','PRDa8db6f21ccee4dbd',51),
('PAd2c4728b7ad14e05','PED5aad9a4361754be7','PRD4524146c35c048eb',74),
('PAb52b4edfca344680','PEDfa48308f0d1349fd','PRD4524146c35c048eb',31),
('PA103d347da11f4ee9','PEDfa48308f0d1349fd','PRD802982bff1294be0',111),
('PA00ea1d725b8c412d','PEDfa48308f0d1349fd','PRD64fe257a4e014ce6',156),
('PAc20f1360bde34242','PEDfa48308f0d1349fd','PRD620eb817a2b5470b',31),
('PA5d7a8094b87144e7','PED6bf274106789409a','PRD802982bff1294be0',91),
('PAb6958555c0be4379','PED6bf274106789409a','PRD64fe257a4e014ce6',137),
('PA386cb5a168b540ec','PED6bf274106789409a','PRDa8db6f21ccee4dbd',138),
('PA5a0f25548525437e','PED6bf274106789409a','PRD4524146c35c048eb',181),
('PAdbfa515da46e4c1c','PED6bf274106789409a','PRD67a214d4072f408d',45),
('PA7c8c50fd966d4ebb','PEDfe24e3d633a145c3','PRD802982bff1294be0',76),
('PA5d52fbc74b874a2a','PEDfe24e3d633a145c3','PRD64fe257a4e014ce6',17),
('PA610b13b78edb4a96','PEDfe24e3d633a145c3','PRDa8db6f21ccee4dbd',134),
('PA5bbac4c5a4f44cd8','PEDfe24e3d633a145c3','PRD4524146c35c048eb',62),
('PA4f22b967f0d2403f','PEDfe24e3d633a145c3','PRD620eb817a2b5470b',36),
('PA5a4d045a19fb44f7','PED8ab8c0e127ce478e','PRD4524146c35c048eb',132),
('PA90f6127908db4a26','PED8ab8c0e127ce478e','PRD802982bff1294be0',195),
('PAe403ead7e4e3462f','PED8ab8c0e127ce478e','PRDe975c9e766c84426',42),
('PA3e1e9db484b64d78','PED8ab8c0e127ce478e','PRD64fe257a4e014ce6',9),
('PA0d78eef301034d5c','PEDbdf30cb755c14c1f','PRD802982bff1294be0',147),
('PA96b52787e1ce46c4','PED221f0749d19f4691','PRD802982bff1294be0',18),
('PAa6c565bfc2b04cf2','PED221f0749d19f4691','PRDa8db6f21ccee4dbd',62),
('PA89a4229e82e94c48','PED221f0749d19f4691','PRD4524146c35c048eb',121),
('PA1e825ee5c66642c4','PED221f0749d19f4691','PRD0cd9bbd02c074579',22),
('PAda884b2ab19f48a5','PED221f0749d19f4691','PRD77d1485d895a4559',36),
('PA13e91f257b784c1e','PED676eb67429c6469a','PRD802982bff1294be0',40),
('PA72f0519bfb194cc1','PED676eb67429c6469a','PRD64fe257a4e014ce6',188),
('PAa3bdce49f5d2432d','PED676eb67429c6469a','PRDa8db6f21ccee4dbd',195),
('PA35b7aef9268b4750','PED676eb67429c6469a','PRD891a668e44784184',47),
('PA1f1b1cce93e74cb5','PED676eb67429c6469a','PRD12e6b87b35ec4af2',27),
('PA2429682f28d241a4','PEDa3c7d71e5c8a42c9','PRD64fe257a4e014ce6',53),
('PA46489859936048c3','PED00fa07791207405c','PRD06ef1af651be46fb',14),
('PAa246391306e74a05','PEDdc0f9180a3424ec2','PRD802982bff1294be0',122),
('PA2d7fa37e5ece47dc','PEDdc0f9180a3424ec2','PRD67a214d4072f408d',43),
('PA12932835a597461a','PEDdc0f9180a3424ec2','PRD415d8f40d6fb478d',38),
('PA8ae92f8205d74165','PEDdc0f9180a3424ec2','PRD4524146c35c048eb',134),
('PAb6c4b76febfd460c','PED189ace50e38242d5','PRD802982bff1294be0',146),
('PA866641755d9449d8','PED189ace50e38242d5','PRD8ef56583009748c0',28),
('PAecc915544602486c','PEDd9471b2acb584906','PRD64fe257a4e014ce6',110),
('PA5148bb340a0e44d1','PEDd9471b2acb584906','PRD02dc2ce1a1614dd4',39),
('PA06fbd8e102264d82','PEDd9471b2acb584906','PRDa8db6f21ccee4dbd',184),
('PAc6446b0fb27449fc','PEDd9471b2acb584906','PRD4524146c35c048eb',196),
('PAa40a0b76ba25422e','PEDd9471b2acb584906','PRDe975c9e766c84426',33),
('PA270566bda2de40a1','PED66c6e0ee500d436c','PRD296b768d17634782',13),
('PAbedc58f9c7414d57','PED66c6e0ee500d436c','PRD64fe257a4e014ce6',58),
('PAaabee8b01b774fc1','PED66c6e0ee500d436c','PRD77d1485d895a4559',40),
('PA3c974395112a465d','PED6cc5c5027f874030','PRD354020a06d6141cd',33),
('PAe6cd5d6a660349c3','PED6cc5c5027f874030','PRD620eb817a2b5470b',35),
('PA39e55e0b0fd5478a','PED6cc5c5027f874030','PRD64fe257a4e014ce6',182),
('PAd4de852744e04b74','PED579b9bf6298e4048','PRD4524146c35c048eb',8),
('PA4ceba13e88b74718','PED579b9bf6298e4048','PRD31e8c28b89af4761',34),
('PAfd373d6728734c46','PED579b9bf6298e4048','PRDa8db6f21ccee4dbd',32),
('PA8eedb45da5474942','PEDe0bf64d027fa4895','PRD802982bff1294be0',176),
('PAf8cd54d061ed4e76','PED2b1df29eb95946ba','PRD64fe257a4e014ce6',78),
('PA8e79af7439f541e7','PEDc531f8d166c641f9','PRD802982bff1294be0',31),
('PA623c9021c4ef4fcb','PEDc531f8d166c641f9','PRD4524146c35c048eb',162),
('PA2569a624209d42e3','PEDc531f8d166c641f9','PRDa8db6f21ccee4dbd',177),
('PAb8ef7a29246e412f','PED07a0fb34bc354f39','PRD802982bff1294be0',111),
('PA816bf2e0970d4834','PED07a0fb34bc354f39','PRDa8db6f21ccee4dbd',180),
('PAa774c9df58ff41a3','PED07a0fb34bc354f39','PRD4524146c35c048eb',85),
('PAd8a01a69ed714762','PED07a0fb34bc354f39','PRD06ef1af651be46fb',36),
('PA81329e3b05664c45','PED07a0fb34bc354f39','PRD67dc0c34c5f24137',4),
('PA5a7e9529780e412a','PEDf53994202b8544a8','PRD64fe257a4e014ce6',163),
('PA74fb54651f704c37','PED456a57d7ef004b80','PRD354020a06d6141cd',12),
('PAad6ccd93763945e0','PED456a57d7ef004b80','PRD5bef840ddde344b2',12),
('PA059ec27def4f457b','PED456a57d7ef004b80','PRD64fe257a4e014ce6',193),
('PAa5fadb87426042f9','PED456a57d7ef004b80','PRDa8db6f21ccee4dbd',136),
('PA36981371c1b74978','PED44f65075255d4fae','PRD4524146c35c048eb',76),
('PA2b0c9399d242488c','PED87908b8bab2b408a','PRD4524146c35c048eb',148),
('PA89ecde49517240a7','PED87908b8bab2b408a','PRD67a214d4072f408d',49),
('PAac4b097916bf4781','PED87908b8bab2b408a','PRD64fe257a4e014ce6',171),
('PA37bb9a66e96149f5','PED87908b8bab2b408a','PRDa8db6f21ccee4dbd',7),
('PAcc0e9553f22f4f4f','PED44bd32f59fc54088','PRD4524146c35c048eb',66),
('PA5bd1b032bb844e8b','PEDcec3b95714bd48d2','PRD9a5c84b7bcf9448d',2),
('PAba6fc5b839f04513','PEDcec3b95714bd48d2','PRDa8db6f21ccee4dbd',137),
('PAc34bac847ad14656','PEDcec3b95714bd48d2','PRD6425398276ef44e1',50),
('PA7c24e32bf746402a','PEDcec3b95714bd48d2','PRD06ef1af651be46fb',24),
('PAa29956cba4c643bf','PEDcec3b95714bd48d2','PRD67a214d4072f408d',33),
('PAf0f48f846e114420','PED6a59b18599de4aff','PRD802982bff1294be0',31),
('PA8fa91da75df24d72','PED6a59b18599de4aff','PRD64fe257a4e014ce6',57),
('PA51e5803ddff744ab','PED6a59b18599de4aff','PRD620eb817a2b5470b',35),
('PA696eaa7048dc49ed','PED6a59b18599de4aff','PRD31e8c28b89af4761',45),
('PA743bd93a2b3543a0','PED6a59b18599de4aff','PRD53c93f292e274bc7',48),
('PAfaee83de0b55481b','PED4f0d8e8fcef74173','PRD802982bff1294be0',104),
('PAf7ca2da272084bba','PED4f0d8e8fcef74173','PRD31e8c28b89af4761',29),
('PAff35c60fb75041c4','PED4f0d8e8fcef74173','PRD64fe257a4e014ce6',166),
('PA2f82553f9a1d41b9','PED4f0d8e8fcef74173','PRDa8db6f21ccee4dbd',108),
('PA17908f2db9744d37','PED9346f3aacfe6487a','PRD4524146c35c048eb',39),
('PA5c6bd4fc1ed0468d','PED9346f3aacfe6487a','PRD802982bff1294be0',196),
('PA03465e4ea7db4b1f','PED9346f3aacfe6487a','PRD64fe257a4e014ce6',105),
('PAf230f5ae2f924b8e','PED9346f3aacfe6487a','PRDa8db6f21ccee4dbd',144),
('PA92cb32b6a5134c1f','PED45ea9fb4ab2744e7','PRD8ef56583009748c0',36),
('PAe939203e39c2408f','PED45ea9fb4ab2744e7','PRD02dc2ce1a1614dd4',36),
('PAe5720a8f816a4867','PED45ea9fb4ab2744e7','PRDa8db6f21ccee4dbd',41),
('PAb13af799a1b942d0','PED2b4c61f624944553','PRD4524146c35c048eb',142),
('PA36bcf7550e694ecb','PEDcbab81dcf5114530','PRD802982bff1294be0',123),
('PA23e926ed360d40f1','PEDcbab81dcf5114530','PRD64fe257a4e014ce6',170),
('PAab978e4c0f3f4a5a','PEDcbab81dcf5114530','PRDa8db6f21ccee4dbd',145),
('PA0c613ef2d33d48df','PEDcbab81dcf5114530','PRD76601e80e8c149f8',5),
('PA5fe979dfa11c42e8','PEDcbab81dcf5114530','PRD77d1485d895a4559',19),
('PAb83b6561476a456b','PEDcdab5cc60f704d60','PRD64fe257a4e014ce6',190),
('PA7f57cf3e32c04123','PEDfa3abceec3bd43bf','PRD802982bff1294be0',48),
('PAa99fe169add942a9','PEDfa3abceec3bd43bf','PRD64fe257a4e014ce6',6),
('PA6143bf047bb94709','PEDfa3abceec3bd43bf','PRDa8db6f21ccee4dbd',85),
('PA7e712093fe764e74','PEDfa3abceec3bd43bf','PRDfcc1a188b54b4272',16),
('PA58a00f535b694f81','PEDfa3abceec3bd43bf','PRD31e8c28b89af4761',15),
('PA4e5cce65faf6481b','PED2403e59d8dec44a8','PRD802982bff1294be0',142),
('PAc1add1ba426941b8','PED2403e59d8dec44a8','PRDe975c9e766c84426',13),
('PAf7de2d8914b64108','PED2403e59d8dec44a8','PRD02dc2ce1a1614dd4',17),
('PAbca31bd347aa42c0','PED2403e59d8dec44a8','PRDa8db6f21ccee4dbd',192),
('PAa4992a5be51f46ff','PEDbd910d447dd341d4','PRD802982bff1294be0',134),
('PAb7e5d40a7b6f45cb','PED54c556e880714f84','PRDef9a17650c1d491a',26),
('PA5dc226f3607f4387','PED3f5c6a3c1769444e','PRD802982bff1294be0',39),
('PA5c5983093cf24ee3','PED3f5c6a3c1769444e','PRD64fe257a4e014ce6',123),
('PA43d5167b7d4d411f','PED3f5c6a3c1769444e','PRDa8db6f21ccee4dbd',133),
('PA15f1cb0aa5af4cdd','PED3f5c6a3c1769444e','PRD4524146c35c048eb',135),
('PAb55ebc2ef9b14b6c','PED3f5c6a3c1769444e','PRDef9a17650c1d491a',6),
('PA5fccd6dcb524409d','PED69befc3d495a4d5e','PRD802982bff1294be0',61),
('PA5a4a9fecb5bd4334','PED69befc3d495a4d5e','PRD4524146c35c048eb',199),
('PA43af11a8a77a4501','PED69befc3d495a4d5e','PRD47d829354c084861',32),
('PAe500f6ac779c459d','PED69befc3d495a4d5e','PRD64fe257a4e014ce6',64),
('PA3395f5513e504f37','PEDf296cfa233624f15','PRD64fe257a4e014ce6',15);

-- ============================================================
-- 8. VERIFICAR_PEDIDO
-- ============================================================
INSERT INTO VERIFICAR_PEDIDO (id_verificacion,id_pedido,fecha_verificacion,stock_disponible,observaciones,esValido) VALUES
('VER8eb11b307df340b3','PEDccbf825dbf224cc3','2023-09-11',13651,NULL,TRUE),
('VERcdd1ccec86f54c26','PED72f25f749e9d4adb','2024-05-12',25534,'Stock confirmado en almacén Palmira',TRUE),
('VER62a2b943eafc4291','PEDe63c7010789645a4','2023-06-05',3143,'Stock verificado en bodega central',TRUE),
('VER3c8fdefde80240f5','PED626f65c59fbd4c14','2023-11-15',21338,'Stock verificado en bodega central',TRUE),
('VER6b65ca64545845dc','PEDaa4fff89c5b14d3e','2023-11-14',34268,'Verificación exitosa sin observaciones',TRUE),
('VERddabebb21b844ee1','PED200ba57469a84828','2024-04-19',17356,NULL,TRUE),
('VER0a9ee936e6df4ad2','PED5510721872e24b46','2023-10-12',37466,'Producto disponible en lote vigente',TRUE),
('VER9ec144b0062147a0','PED4aa6d4b07f7e4d99','2024-07-16',42939,'Stock confirmado en almacén Palmira',TRUE),
('VER2299b06d43c54a29','PED89c7a54b5c1e4ab0','2024-12-04',38614,'Stock verificado en bodega central',TRUE),
('VER3a1aa019279146d8','PED0e3ae6b0e86540b2','2023-02-04',16587,'Stock confirmado en almacén Palmira',TRUE),
('VERf1e2923c06964899','PED6e6aee6b2ac047e9','2023-12-23',33940,'Stock confirmado en almacén Palmira',TRUE),
('VER4b67e9153d084e2b','PEDe7248e6a8c6240ee','2023-01-26',22712,'Stock confirmado en almacén Palmira',TRUE),
('VER5bab00711fd74f76','PED732f764917ba4e45','2023-05-16',39697,'Stock verificado en bodega central',TRUE),
('VER0694f0fd7c584cd6','PEDb1d3ac5e965547a0','2024-05-27',9207,'Stock confirmado en almacén Palmira',TRUE),
('VER02cd008c320f45af','PEDbbb49939daa8421e','2024-12-08',15172,'Stock verificado en bodega central',TRUE),
('VER11121d3e573347dd','PEDdcbfefc2dde44fa6','2024-05-25',42270,'Verificación exitosa sin observaciones',TRUE),
('VER087a021e693e4bd6','PEDdb590a25a8b74810','2024-10-02',9946,'Producto disponible en lote vigente',TRUE),
('VERa60fda48129a4a0f','PED08745aec312c4e77','2023-12-16',23838,NULL,TRUE),
('VER7858bc70d35a487f','PEDeb5166dcf15e4cda','2024-12-26',7854,'Producto disponible en lote vigente',TRUE),
('VERb45b761ec4574f63','PED1956d7b50bf24f5f','2023-10-04',21741,'Stock verificado en bodega central',TRUE),
('VER7feaa5ee9e094558','PEDe2b4757db1ff4fe8','2024-10-08',44351,'Stock confirmado en almacén Palmira',TRUE),
('VER0aa993ac52444b85','PEDc7488384ec29429f','2024-07-28',13908,NULL,TRUE),
('VERa70044b8f1e54004','PED4c562529ff6b4fd6','2023-03-21',42518,'Stock confirmado en almacén Palmira',TRUE),
('VER6de96eee03234c39','PED31d8b14a7bbc4290','2023-02-20',16069,'Stock verificado en bodega central',TRUE),
('VERdfb43353d6834b8a','PED60a53bd25c1c4f91','2024-07-25',37684,NULL,TRUE),
('VERc1cd5aaad0fa41e6','PED9016ecc758084b27','2023-01-30',8929,NULL,TRUE),
('VERdd8ce83bc18240fd','PEDec430680cb1a4da9','2023-02-19',37604,'Producto disponible en lote vigente',TRUE),
('VER93154afd72b5452e','PED05608435f2044b80','2023-06-17',11001,'Verificación exitosa sin observaciones',TRUE),
('VERb7fbd23c95b6495a','PED7c53d5905aaf497f','2024-06-23',33958,'Stock confirmado en almacén Palmira',TRUE),
('VER544a3a83e2ac4917','PEDf8e008d8625841d2','2024-11-17',37036,'Stock verificado en bodega central',TRUE),
('VER3ce5b1ed81ef4853','PEDde5694a147c741db','2024-01-31',47808,'Verificación exitosa sin observaciones',TRUE),
('VER09c246d1d0f84dc0','PEDe05257b5526b4078','2023-03-16',14294,'Stock confirmado en almacén Palmira',TRUE),
('VERc49a455d930d48cb','PEDf1e62da41a5e43ca','2024-03-31',30994,'Stock confirmado en almacén Palmira',TRUE),
('VER3ece4ec9801a47d5','PED29e7bdba1e3849b1','2023-05-08',14476,'Stock confirmado en almacén Palmira',TRUE),
('VERdf2b1dcc782043bf','PED778268407ef14590','2024-11-18',9452,NULL,TRUE),
('VER9f46ab49e82b4c48','PED9967f4eb5f3f48a2','2024-10-10',40942,NULL,TRUE),
('VERfa7dc4cc37e9469a','PED245ab62a2eb84f39','2023-11-08',11091,'Verificación exitosa sin observaciones',TRUE),
('VER6b20a4e6a2534ae5','PED335227f90e774e45','2023-04-11',39194,NULL,TRUE),
('VEReb9d8ed704054ce9','PED4ca364d5757a4588','2023-04-18',15161,'Stock confirmado en almacén Palmira',TRUE),
('VERd0c9c6447f0c4123','PED3ee7d404fc22433f','2024-08-17',8764,'Stock verificado en bodega central',TRUE),
('VER1c0530e8828e44d7','PED9fd213726a4f4938','2023-07-27',13361,NULL,TRUE),
('VER32f6bf10ca31477e','PEDaaad38d324944c98','2023-11-27',44950,'Stock confirmado en almacén Palmira',TRUE),
('VER6218153f0272477c','PED0d64f0985aa24848','2024-07-19',39782,'Stock verificado en bodega central',TRUE),
('VER56256f889bc142b8','PED244468ac9bbe43ef','2023-06-06',31286,NULL,TRUE),
('VER6450195705604192','PED9be71ccaefbf4e77','2024-05-28',2658,NULL,TRUE),
('VER9b4f3a59be864ee2','PED5adff73ee28849aa','2023-06-01',49408,'Stock verificado en bodega central',TRUE),
('VER867622bf56c64215','PEDff417ceb3bc44351','2024-08-15',31704,'Producto disponible en lote vigente',TRUE),
('VER972d1aebe78648a2','PEDfb347faca0bd47fd','2024-10-05',35442,'Stock verificado en bodega central',TRUE),
('VER366ff8a02084479b','PED3afab4f59a55459c','2023-04-24',42648,'Stock confirmado en almacén Palmira',TRUE),
('VERf542dceb21da418b','PEDf368053b4e9f481a','2024-05-19',27669,'Verificación exitosa sin observaciones',TRUE),
('VER4ebbd9b8b0264160','PEDc1028a20820a4e41','2023-10-16',45820,NULL,TRUE),
('VER90c3d4f2ed2a4ade','PED9a4714207c3c4e68','2024-12-11',15139,'Stock confirmado en almacén Palmira',TRUE),
('VER7a7d7d9879ed4001','PED1c4c71281e60405f','2024-06-12',23071,NULL,TRUE),
('VER08fb3a85c8854193','PED308a230dbcc54834','2024-08-16',45759,NULL,TRUE),
('VERd812c0f00c904ba6','PED60d161b316494fde','2023-04-09',27984,'Producto disponible en lote vigente',TRUE),
('VER6321c1a906a14ce3','PED91106d16b0f94193','2023-12-24',31369,'Producto disponible en lote vigente',TRUE),
('VER41d28fe7e9654ee3','PED15de56056f5b4af9','2024-04-04',18664,NULL,TRUE),
('VER29fd75b276674787','PEDda894ed4f57d4d0e','2024-07-18',26881,'Verificación exitosa sin observaciones',TRUE),
('VERf4b5a7c897794e8b','PED4f9eb2f7e9134f95','2023-08-28',458,'Stock verificado en bodega central',TRUE),
('VER7f435767e1bb461f','PED127e552915d24088','2023-07-17',34345,'Stock verificado en bodega central',TRUE),
('VERd79d860dca9d4d58','PEDbb216a3b2d494d49','2023-06-25',571,'Stock confirmado en almacén Palmira',TRUE),
('VER4c15655239ac4654','PEDf36445dc960f4228','2024-03-01',13562,'Verificación exitosa sin observaciones',TRUE),
('VERd22e3a3a44264037','PED22508200a74c4f94','2023-01-15',23841,'Stock verificado en bodega central',TRUE),
('VER644ae03a2c094600','PEDa74319e350514cc4','2024-03-20',28023,NULL,TRUE),
('VER88cfa0253ce746af','PEDb935ddda24414ee8','2024-06-29',17224,NULL,TRUE),
('VER6475ee61ee5f438d','PEDaa1db96a58524834','2023-06-03',37106,'Verificación exitosa sin observaciones',TRUE),
('VER0ab477aec5e84776','PED3cdfaaafdd2247b1','2024-05-21',18159,'Stock confirmado en almacén Palmira',TRUE),
('VER836766da1e1c4230','PED1f3b17274185483b','2023-12-29',27181,NULL,TRUE),
('VER2f24b966870e4c9e','PED8ea0b011dc1a409a','2024-10-06',31719,'Producto disponible en lote vigente',TRUE),
('VER8b22177d720e442a','PEDc970dc1bedeb4636','2023-03-28',36740,NULL,TRUE),
('VER140bdc38fd7e4e0d','PED11dc0fdc75e04a32','2023-02-21',16731,'Verificación exitosa sin observaciones',TRUE),
('VERf36f0ee0bfef4bcc','PED0f8386aaa46a4391','2023-09-12',22667,'Stock confirmado en almacén Palmira',TRUE),
('VER2cb503aa339d4a40','PEDc8d49b65f4c7431e','2024-06-26',9148,'Stock verificado en bodega central',TRUE),
('VER2fb345975e5f44e4','PEDf8fab4bbcbb74989','2023-07-07',15158,'Stock confirmado en almacén Palmira',TRUE),
('VER916c3a268e054a08','PED8655612a418c4297','2023-10-11',10703,'Stock verificado en bodega central',TRUE),
('VER36f37722292c4708','PEDbe0ed7c6de4946ee','2024-12-04',33414,'Stock confirmado en almacén Palmira',TRUE),
('VER54f56f5f3870452d','PED9be6b17767ae4a83','2023-11-22',36182,NULL,TRUE),
('VERbe133e9fea4a48d7','PEDe0352583575e4a3e','2023-12-31',44963,'Stock verificado en bodega central',TRUE),
('VER821d4cb8ea63442a','PEDfa273907bd864fbe','2023-06-23',25600,'Stock verificado en bodega central',TRUE),
('VERb413bd0e60904f96','PED13fc9d0f1e1b4a5d','2024-04-03',9624,'Stock confirmado en almacén Palmira',TRUE),
('VER2de7c949872a42a1','PED52ff6be763eb4449','2023-06-07',28632,'Stock verificado en bodega central',TRUE),
('VER405fe1605c884f69','PED20005f5166fc464c','2024-05-25',17341,'Producto disponible en lote vigente',TRUE),
('VERda57e62efccb4262','PED0a6c84146ccc4225','2023-02-19',5345,NULL,TRUE),
('VER847d37fdf7a34f09','PED506f212eaa1146f5','2024-05-01',47580,'Stock confirmado en almacén Palmira',TRUE),
('VER9a1dd9c42e5c4e03','PED70eaabd585bd4730','2024-04-16',40336,NULL,TRUE),
('VERdc46276c6bfe4e87','PED87a69a64841541f4','2023-11-25',46735,NULL,TRUE),
('VER381d9db0b43146e4','PED52ddb0ad3ae3434f','2023-04-16',11586,'Stock confirmado en almacén Palmira',TRUE),
('VER5a112258ee7849d5','PEDb5e2d93a28c54721','2023-07-30',801,'Producto disponible en lote vigente',TRUE),
('VERf3a774342f494100','PEDf61a9ea0b1de4cfd','2023-04-30',34057,'Verificación exitosa sin observaciones',TRUE),
('VER86b129731cbb45fb','PED3b035e4de1fe40e4','2024-05-11',2302,NULL,TRUE),
('VER323ffae52832408b','PED6f6fd7b819e64436','2023-04-16',33904,'Producto disponible en lote vigente',TRUE),
('VERd96498f6b76a40a4','PED85319e465b8145f4','2024-11-24',11207,'Stock verificado en bodega central',TRUE),
('VERdd3b8db7717049cd','PED638e70bda219449b','2024-08-13',15779,'Stock verificado en bodega central',TRUE),
('VER958488c5f2dd4e89','PEDadee1f9cca5c425a','2024-04-28',5791,'Verificación exitosa sin observaciones',TRUE),
('VERb2b7b6f96dc0412f','PED781d48a7ce7c414e','2024-12-31',23242,'Stock confirmado en almacén Palmira',TRUE),
('VER7bd13f09166c4c8d','PED18810b0c1fea47e8','2023-01-25',38509,'Producto disponible en lote vigente',TRUE),
('VERd7b3009dbfb84852','PED2976fcd8f70e4f59','2024-10-08',1107,'Stock verificado en bodega central',TRUE),
('VERdf0c1d8601af46e8','PED49c588139bf84817','2023-04-06',36118,'Verificación exitosa sin observaciones',TRUE),
('VER7f79a498aa5149e7','PED4b7daa5e89c24378','2024-10-22',36742,NULL,TRUE),
('VERe76d95b2344a47af','PEDa07e278856494ffa','2024-04-23',22872,'Verificación exitosa sin observaciones',TRUE),
('VERf4d90f76d27644bd','PEDb80dcf6fdfe74a58','2023-11-01',39838,'Producto disponible en lote vigente',TRUE),
('VER7f8551ff393c4cfa','PEDa2a718bfff3e4d6e','2023-04-17',26573,NULL,TRUE),
('VERb1fc6a7fa300446a','PED8443cb7b45e34356','2024-08-03',17211,'Producto disponible en lote vigente',TRUE),
('VERaba7655f5ad54208','PED0384543837ff4d2c','2024-04-20',33276,'Stock verificado en bodega central',TRUE),
('VERe7fdf10409cb460f','PEDbfbb10ade5b648fc','2024-04-08',4843,NULL,TRUE),
('VERb12c6f0d74af480c','PED9b3ea4e12ddf4f9a','2023-04-15',22380,'Stock verificado en bodega central',TRUE),
('VER7e05b0b5634141f9','PED8e0e5915ea104631','2024-02-27',16988,NULL,TRUE),
('VERf3330319115946b4','PED5dfaee00d2b64587','2023-06-08',16493,'Stock confirmado en almacén Palmira',TRUE),
('VER577eb664c1af43de','PEDbbda9a89770945dd','2024-09-16',37007,'Stock confirmado en almacén Palmira',TRUE),
('VER9aa4d40b8cb94bb2','PEDcdb243113f0848f6','2024-12-26',49741,'Verificación exitosa sin observaciones',TRUE),
('VERd8ca4a040df04f51','PEDc8e4bfeca71343d1','2023-10-03',44768,'Stock confirmado en almacén Palmira',TRUE),
('VER9011ae8ccb9043c9','PED766e5c6de6bc4b4e','2024-10-21',1892,'Stock confirmado en almacén Palmira',TRUE),
('VERbda1805706824de8','PED407235157aab422d','2023-08-11',16996,'Stock verificado en bodega central',TRUE),
('VERca5c1ade36ae4c31','PED644e48ea9da9493f','2023-06-18',41627,'Producto disponible en lote vigente',TRUE),
('VERedf7525af31c4416','PED79baa376232b40b9','2023-11-14',46052,'Producto disponible en lote vigente',TRUE),
('VER9292824ed8c7402c','PED0f1367e9b5814f03','2024-01-04',27128,'Verificación exitosa sin observaciones',TRUE),
('VERb84965c0c9e547cc','PED967b7c5ce3934081','2023-12-13',35204,'Stock verificado en bodega central',TRUE),
('VER168192b090264e66','PED1b4bee3527e84c5d','2024-09-07',17358,'Producto disponible en lote vigente',TRUE),
('VERc89f06d112a84a8c','PED23961c3f1bec4d46','2023-06-23',6195,'Stock confirmado en almacén Palmira',TRUE),
('VERf31bc0ccb1e241fa','PED3f3501866e4b4dc5','2024-10-03',49172,'Verificación exitosa sin observaciones',TRUE),
('VERf21fed52558c4252','PEDe4cb45b7503b439e','2023-11-22',36443,'Producto disponible en lote vigente',TRUE),
('VERa8a0eb32cff54917','PED50b0a1ff8fc44092','2023-05-28',20669,'Verificación exitosa sin observaciones',TRUE),
('VER8015c133e7754310','PED28bc97592895477b','2023-06-15',37698,'Verificación exitosa sin observaciones',TRUE),
('VERfd8589abc2c14795','PED6306f96f5a874383','2024-06-29',49000,'Producto disponible en lote vigente',TRUE),
('VER59ad72843f7e4ef1','PED839236d401d44873','2024-06-18',48407,'Producto disponible en lote vigente',TRUE),
('VERc9d4e8122e4143d7','PED5666ddc0e4124465','2023-06-21',48297,'Producto disponible en lote vigente',TRUE),
('VERa88b3877f6304e02','PED638fb2c694bd4ba1','2023-03-26',13651,'Producto disponible en lote vigente',TRUE),
('VERc88b8ecdddd947c7','PEDf0a7cf9c96524c9d','2023-01-27',16464,NULL,TRUE),
('VER25a0e58747c84eb7','PED470e81b745c54b14','2024-11-09',10323,'Stock verificado en bodega central',TRUE),
('VER5c1789194f424dab','PED1db7e7e0973f4851','2024-04-26',5243,'Stock confirmado en almacén Palmira',TRUE),
('VER6ab72b953873449b','PED20731429b7204c77','2024-08-06',534,NULL,TRUE),
('VER8b05c52e75b54da5','PED44e13c9386e448ed','2024-12-03',31707,'Verificación exitosa sin observaciones',TRUE),
('VERa46c04071ae248e2','PEDf51e5d0e74b74f97','2023-11-25',20771,'Stock confirmado en almacén Palmira',TRUE),
('VER36201b062a3b4e06','PEDc29b67c076bc485b','2023-10-24',18104,'Stock confirmado en almacén Palmira',TRUE),
('VER2d32665939934be3','PED5aad9a4361754be7','2023-08-13',33597,'Verificación exitosa sin observaciones',TRUE),
('VER8f0d0880374e4ba6','PEDfa48308f0d1349fd','2024-04-27',14655,NULL,TRUE),
('VERf03357299e454adf','PED6bf274106789409a','2023-03-02',3648,NULL,TRUE),
('VERf058d11850af4adc','PEDfe24e3d633a145c3','2023-07-27',31447,NULL,TRUE),
('VERfc3b99d312274bd4','PED221f0749d19f4691','2024-01-09',33030,'Verificación exitosa sin observaciones',TRUE),
('VERda70c3a9628f4597','PED676eb67429c6469a','2024-07-07',45079,'Producto disponible en lote vigente',TRUE),
('VERcfe66766c11e4b67','PEDa3c7d71e5c8a42c9','2024-09-04',7988,NULL,TRUE),
('VER1819438650734a5e','PED00fa07791207405c','2023-04-12',20786,'Stock verificado en bodega central',TRUE),
('VER28b84f312a2e4cb0','PED189ace50e38242d5','2023-03-03',44278,'Producto disponible en lote vigente',TRUE),
('VER7687d592d50d4e3c','PEDd9471b2acb584906','2024-02-03',38176,'Stock verificado en bodega central',TRUE),
('VER51cfe429d1b046a5','PED66c6e0ee500d436c','2023-11-21',23797,NULL,TRUE),
('VER48523dea723a4e90','PED6cc5c5027f874030','2023-04-18',12365,NULL,TRUE),
('VER88e52c52d4b0411e','PED579b9bf6298e4048','2023-01-17',15641,'Verificación exitosa sin observaciones',TRUE),
('VER420d489a06ef4a4f','PED2b1df29eb95946ba','2024-04-07',40279,'Verificación exitosa sin observaciones',TRUE),
('VERd0c75ceb910344f8','PEDc531f8d166c641f9','2023-09-19',12152,'Stock confirmado en almacén Palmira',TRUE),
('VER8d6619cf3f404072','PEDf53994202b8544a8','2024-11-16',13897,'Stock confirmado en almacén Palmira',TRUE),
('VERccaf0e3aa2a2435e','PED456a57d7ef004b80','2024-10-19',49395,'Verificación exitosa sin observaciones',TRUE),
('VERccc489cc780242fb','PED44f65075255d4fae','2023-06-16',26353,'Verificación exitosa sin observaciones',TRUE),
('VER088bd70dfe6a4fa4','PED87908b8bab2b408a','2023-05-15',11889,NULL,TRUE),
('VER9876d4a0eaea4818','PED4f0d8e8fcef74173','2023-11-27',37841,'Producto disponible en lote vigente',TRUE),
('VERf9806cfbad514290','PED9346f3aacfe6487a','2024-08-20',47339,'Verificación exitosa sin observaciones',TRUE),
('VER751e15a547c442ad','PED45ea9fb4ab2744e7','2024-06-08',36494,'Stock confirmado en almacén Palmira',TRUE),
('VER8350c7ae7fe14204','PED2b4c61f624944553','2023-04-16',12949,'Producto disponible en lote vigente',TRUE),
('VER0529b0b781ad45f3','PEDcdab5cc60f704d60','2023-08-13',9900,'Stock confirmado en almacén Palmira',TRUE),
('VER89409c6d98f54038','PEDfa3abceec3bd43bf','2024-04-13',11674,'Stock confirmado en almacén Palmira',TRUE),
('VER2c3240a27b174b2b','PED2403e59d8dec44a8','2024-09-08',8912,NULL,TRUE),
('VERa967c614568b45bb','PEDbd910d447dd341d4','2024-06-03',47322,'Verificación exitosa sin observaciones',TRUE),
('VERbe01f198d36f422d','PED54c556e880714f84','2023-06-03',19763,'Verificación exitosa sin observaciones',TRUE),
('VER6b5463dbd98f4bc1','PED3f5c6a3c1769444e','2024-04-07',37313,'Stock verificado en bodega central',TRUE),
('VER748ee2c578dd473d','PED69befc3d495a4d5e','2023-04-13',6586,'Producto disponible en lote vigente',TRUE);

-- ============================================================
-- 9. PEDIDO_CONFIRMADO
-- ============================================================
INSERT INTO PEDIDO_CONFIRMADO (id_confirmacion,id_verificacion,fecha_confirmacion,numero_factura,esValido) VALUES
('CNF26f676bcb2d945b5','VER8eb11b307df340b3','2023-09-10','MAN-0100001',TRUE),
('CNFb0193dfb58b44eb5','VERcdd1ccec86f54c26','2024-05-12','MAN-0100002',TRUE),
('CNFb9f35f2a94e94ddb','VER62a2b943eafc4291','2023-06-06','MAN-0100003',TRUE),
('CNF30907d9069be48f2','VER3c8fdefde80240f5','2023-11-15','MAN-0100004',TRUE),
('CNFbcd5a769dd8b41b4','VER6b65ca64545845dc','2023-11-15','MAN-0100005',TRUE),
('CNF6b3c2cc151c94cda','VERddabebb21b844ee1','2024-04-18','MAN-0100006',TRUE),
('CNF2bfa5625a7d044f4','VER0a9ee936e6df4ad2','2023-10-12','MAN-0100007',TRUE),
('CNF0fb92bb104034769','VER9ec144b0062147a0','2024-07-18','MAN-0100008',TRUE),
('CNFcd51cb3bb4444878','VER2299b06d43c54a29','2024-12-05','MAN-0100009',TRUE),
('CNF67f94d61bae440ff','VER3a1aa019279146d8','2023-02-04','MAN-0100010',TRUE),
('CNFeadcef9900cb4ca1','VERf1e2923c06964899','2023-12-25','MAN-0100011',TRUE),
('CNFe3e714bb09f44689','VER4b67e9153d084e2b','2023-01-27','MAN-0100012',TRUE),
('CNFd6ed2c17fa72492b','VER0694f0fd7c584cd6','2024-05-28','MAN-0100013',TRUE),
('CNF4020b3ce84314ddc','VER02cd008c320f45af','2024-12-11','MAN-0100014',TRUE),
('CNFb26c21c81c6a4a0d','VER11121d3e573347dd','2024-05-25','MAN-0100015',TRUE),
('CNF4f97d0be649c4cba','VER087a021e693e4bd6','2024-10-04','MAN-0100016',TRUE),
('CNFb8fe74a3cf0d43fe','VERa60fda48129a4a0f','2023-12-17','MAN-0100017',TRUE),
('CNF1fa3a873c06a492f','VER7858bc70d35a487f','2024-12-26','MAN-0100018',TRUE),
('CNF09033b848b2a4800','VERb45b761ec4574f63','2023-10-04','MAN-0100019',TRUE),
('CNF7eb23f1e40ed4b14','VER7feaa5ee9e094558','2024-10-09','MAN-0100020',TRUE),
('CNF73d072e85c9b44cd','VER6de96eee03234c39','2023-02-23','MAN-0100021',TRUE),
('CNF8f17030947f04948','VERdfb43353d6834b8a','2024-07-28','MAN-0100022',TRUE),
('CNFebe8ce1bce864518','VERc1cd5aaad0fa41e6','2023-01-31','MAN-0100023',TRUE),
('CNFfc766de738b4486e','VERdd8ce83bc18240fd','2023-02-22','MAN-0100024',TRUE),
('CNF0c650c3a133f49a8','VER93154afd72b5452e','2023-06-20','MAN-0100025',TRUE),
('CNF9550ab4bd3804efc','VERb7fbd23c95b6495a','2024-06-26','MAN-0100026',TRUE),
('CNFb2089aa0636e410f','VER544a3a83e2ac4917','2024-11-18','MAN-0100027',TRUE),
('CNF616f61ee7c1b453a','VER3ce5b1ed81ef4853','2024-02-01','MAN-0100028',TRUE),
('CNF68795a8961914074','VER09c246d1d0f84dc0','2023-03-17','MAN-0100029',TRUE),
('CNF451dea1d0c014e84','VERc49a455d930d48cb','2024-03-31','MAN-0100030',TRUE),
('CNF9d73ae85c7a341d0','VER3ece4ec9801a47d5','2023-05-10','MAN-0100031',TRUE),
('CNFf664367719064413','VERdf2b1dcc782043bf','2024-11-18','MAN-0100032',TRUE),
('CNFa2a6e70b2cb14727','VER9f46ab49e82b4c48','2024-10-13','MAN-0100033',TRUE),
('CNF6da188b59dfe4109','VERfa7dc4cc37e9469a','2023-11-10','MAN-0100034',TRUE),
('CNFa47719161a8d4b56','VER6b20a4e6a2534ae5','2023-04-12','MAN-0100035',TRUE),
('CNFaa1f09a9018c46cf','VEReb9d8ed704054ce9','2023-04-21','MAN-0100036',TRUE),
('CNF26aedc9838a0455a','VERd0c9c6447f0c4123','2024-08-18','MAN-0100037',TRUE),
('CNF8fd25758d661434e','VER32f6bf10ca31477e','2023-11-26','MAN-0100038',TRUE),
('CNFaf3c4620627e4f3d','VER6218153f0272477c','2024-07-21','MAN-0100039',TRUE),
('CNF538ce595f1c34a36','VER56256f889bc142b8','2023-06-09','MAN-0100040',TRUE),
('CNF7b3f9f2f77e14afd','VER6450195705604192','2024-05-28','MAN-0100041',TRUE),
('CNFca5d45f2dba94b1a','VER9b4f3a59be864ee2','2023-06-01','MAN-0100042',TRUE),
('CNF574c6297f64147e8','VER972d1aebe78648a2','2024-10-06','MAN-0100043',TRUE),
('CNFd009482cdc8a4ced','VER366ff8a02084479b','2023-04-23','MAN-0100044',TRUE),
('CNF2bcd5a3afb5045f5','VERf542dceb21da418b','2024-05-18','MAN-0100045',TRUE),
('CNF6df598d55a5b4b86','VER4ebbd9b8b0264160','2023-10-19','MAN-0100046',TRUE),
('CNF264bd551e6444f1b','VER90c3d4f2ed2a4ade','2024-12-12','MAN-0100047',TRUE),
('CNF6166762240f94c22','VERd812c0f00c904ba6','2023-04-11','MAN-0100048',TRUE),
('CNFe264e8602c784181','VER6321c1a906a14ce3','2023-12-26','MAN-0100049',TRUE),
('CNFd6388f7df1714418','VER41d28fe7e9654ee3','2024-04-07','MAN-0100050',TRUE),
('CNF3907839318494f8f','VER29fd75b276674787','2024-07-19','MAN-0100051',TRUE),
('CNFa14c9e1899854e2c','VER7f435767e1bb461f','2023-07-17','MAN-0100052',TRUE),
('CNF6ddeef0b75834632','VERd79d860dca9d4d58','2023-06-24','MAN-0100053',TRUE),
('CNF94948cf1b245404b','VERd22e3a3a44264037','2023-01-15','MAN-0100054',TRUE),
('CNFb86bd978ff0a46d1','VER644ae03a2c094600','2024-03-21','MAN-0100055',TRUE),
('CNFf7b9a3c7fcf1466e','VER88cfa0253ce746af','2024-06-30','MAN-0100056',TRUE),
('CNFaf116cd20faf4656','VER6475ee61ee5f438d','2023-06-03','MAN-0100057',TRUE),
('CNFea188e12b1c7406c','VER0ab477aec5e84776','2024-05-21','MAN-0100058',TRUE),
('CNFe0190baacc7248ff','VER836766da1e1c4230','2023-12-31','MAN-0100059',TRUE),
('CNF6691a3de828848aa','VER2f24b966870e4c9e','2024-10-07','MAN-0100060',TRUE),
('CNF74f13d5517454e9a','VER8b22177d720e442a','2023-03-29','MAN-0100061',TRUE),
('CNF6b905dc0c1de40b8','VER140bdc38fd7e4e0d','2023-02-23','MAN-0100062',TRUE),
('CNFc96564f322574d1a','VERf36f0ee0bfef4bcc','2023-09-12','MAN-0100063',TRUE),
('CNFc2b17ad4499b4a14','VER2cb503aa339d4a40','2024-06-27','MAN-0100064',TRUE),
('CNF63275439be4f4afd','VER2fb345975e5f44e4','2023-07-08','MAN-0100065',TRUE),
('CNF988d275a16c743c6','VER916c3a268e054a08','2023-10-11','MAN-0100066',TRUE),
('CNF509cc46897274200','VER36f37722292c4708','2024-12-06','MAN-0100067',TRUE),
('CNF5291903e353648aa','VERbe133e9fea4a48d7','2023-12-31','MAN-0100068',TRUE),
('CNF6826d2ee76c748e0','VER821d4cb8ea63442a','2023-06-25','MAN-0100069',TRUE),
('CNF25781a3010b54c33','VERb413bd0e60904f96','2024-04-06','MAN-0100070',TRUE),
('CNF54330c7c7c4c4d56','VER2de7c949872a42a1','2023-06-08','MAN-0100071',TRUE),
('CNF20af85d868834858','VERda57e62efccb4262','2023-02-21','MAN-0100072',TRUE),
('CNF560aa0b416164561','VER847d37fdf7a34f09','2024-05-03','MAN-0100073',TRUE),
('CNFde3de7de861d4aa6','VER9a1dd9c42e5c4e03','2024-04-17','MAN-0100074',TRUE),
('CNF03fb11e3a23748a7','VERdc46276c6bfe4e87','2023-11-25','MAN-0100075',TRUE),
('CNF83c6d334730f47fe','VER381d9db0b43146e4','2023-04-17','MAN-0100076',TRUE),
('CNF96da7b6c7f1c4420','VERf3a774342f494100','2023-04-29','MAN-0100077',TRUE),
('CNFb9f2e1e1082d45a4','VER86b129731cbb45fb','2024-05-12','MAN-0100078',TRUE),
('CNFcd4b666925134fdc','VER958488c5f2dd4e89','2024-05-01','MAN-0100079',TRUE),
('CNFf697cd0d6fc0421e','VERb2b7b6f96dc0412f','2024-12-31','MAN-0100080',TRUE),
('CNF34396282affd449a','VER7bd13f09166c4c8d','2023-01-27','MAN-0100081',TRUE),
('CNFa4c9102924a14293','VERd7b3009dbfb84852','2024-10-08','MAN-0100082',TRUE),
('CNF2672bc344a2f4304','VERdf0c1d8601af46e8','2023-04-09','MAN-0100083',TRUE),
('CNF72c78143e86d4a14','VER7f79a498aa5149e7','2024-10-23','MAN-0100084',TRUE),
('CNF246d87b25e4d468e','VERe76d95b2344a47af','2024-04-25','MAN-0100085',TRUE),
('CNF84f395bf353849e1','VERf4d90f76d27644bd','2023-11-02','MAN-0100086',TRUE),
('CNFa3a1d2a9724f4712','VER7f8551ff393c4cfa','2023-04-17','MAN-0100087',TRUE),
('CNF4a0e3af3bc284bd2','VERb1fc6a7fa300446a','2024-08-04','MAN-0100088',TRUE),
('CNF79e83d2aa25443e0','VERaba7655f5ad54208','2024-04-21','MAN-0100089',TRUE),
('CNF5fc5ee769cab498b','VERe7fdf10409cb460f','2024-04-07','MAN-0100090',TRUE),
('CNF29dc702275a64d90','VERb12c6f0d74af480c','2023-04-15','MAN-0100091',TRUE),
('CNFa9c19610c91349d0','VER7e05b0b5634141f9','2024-02-26','MAN-0100092',TRUE),
('CNF104152131bec499b','VERf3330319115946b4','2023-06-08','MAN-0100093',TRUE),
('CNF9c51892300864379','VER577eb664c1af43de','2024-09-18','MAN-0100094',TRUE),
('CNF93875fa6446845e6','VER9aa4d40b8cb94bb2','2024-12-27','MAN-0100095',TRUE),
('CNF8e9c6fd7d27649f9','VERd8ca4a040df04f51','2023-10-03','MAN-0100096',TRUE),
('CNF78e7b0a0adc343f3','VER9011ae8ccb9043c9','2024-10-21','MAN-0100097',TRUE),
('CNFee28ae7e414c4fe1','VERbda1805706824de8','2023-08-14','MAN-0100098',TRUE),
('CNFd0de605d79ca49e0','VERca5c1ade36ae4c31','2023-06-18','MAN-0100099',TRUE),
('CNF9786d753e5ca4a99','VERedf7525af31c4416','2023-11-13','MAN-0100100',TRUE),
('CNF5e1e0c53f5ac4ad2','VER9292824ed8c7402c','2024-01-05','MAN-0100101',TRUE),
('CNFa6910180b5d44132','VER168192b090264e66','2024-09-08','MAN-0100102',TRUE),
('CNF9455a39579f8473a','VERc89f06d112a84a8c','2023-06-23','MAN-0100103',TRUE),
('CNFeafc8ea7cf8442a6','VERf31bc0ccb1e241fa','2024-10-02','MAN-0100104',TRUE),
('CNF6f20873b0b9a452a','VERf21fed52558c4252','2023-11-25','MAN-0100105',TRUE),
('CNF171c1de81ff74384','VERa8a0eb32cff54917','2023-05-29','MAN-0100106',TRUE),
('CNF611753ea729244b8','VER8015c133e7754310','2023-06-17','MAN-0100107',TRUE),
('CNF542948d09e474fc2','VERfd8589abc2c14795','2024-06-30','MAN-0100108',TRUE),
('CNF9e48b7861e004629','VER59ad72843f7e4ef1','2024-06-18','MAN-0100109',TRUE),
('CNFc6641707fc9c4528','VERc9d4e8122e4143d7','2023-06-24','MAN-0100110',TRUE),
('CNF52cd8576cc794232','VERa88b3877f6304e02','2023-03-27','MAN-0100111',TRUE),
('CNF76c962853b7b41d2','VERc88b8ecdddd947c7','2023-01-29','MAN-0100112',TRUE),
('CNF00a14b85cdda4ea3','VER25a0e58747c84eb7','2024-11-11','MAN-0100113',TRUE),
('CNF650ad3555b614fca','VER6ab72b953873449b','2024-08-05','MAN-0100114',TRUE),
('CNFc6dfdb92f14e4b2c','VER36201b062a3b4e06','2023-10-23','MAN-0100115',TRUE),
('CNF924e267d948f458b','VER2d32665939934be3','2023-08-16','MAN-0100116',TRUE),
('CNFecb46a9f5bc74aac','VERf03357299e454adf','2023-03-03','MAN-0100117',TRUE),
('CNFcd4c9251224140db','VERda70c3a9628f4597','2024-07-07','MAN-0100118',TRUE),
('CNF8dcf0bbfae614703','VERcfe66766c11e4b67','2024-09-04','MAN-0100119',TRUE),
('CNF76540988cb3d478b','VER1819438650734a5e','2023-04-14','MAN-0100120',TRUE),
('CNF7d26956177b04448','VER28b84f312a2e4cb0','2023-03-05','MAN-0100121',TRUE),
('CNF4893fb2e56ba45ab','VER51cfe429d1b046a5','2023-11-22','MAN-0100122',TRUE),
('CNF19af8c199dd04244','VER48523dea723a4e90','2023-04-19','MAN-0100123',TRUE),
('CNFa82de17c86904135','VER88e52c52d4b0411e','2023-01-18','MAN-0100124',TRUE),
('CNF587f41a69b564a3a','VER420d489a06ef4a4f','2024-04-09','MAN-0100125',TRUE),
('CNFdc495b1b7f5f41af','VERd0c75ceb910344f8','2023-09-20','MAN-0100126',TRUE),
('CNFce4eb9bbb79347e0','VER8d6619cf3f404072','2024-11-18','MAN-0100127',TRUE),
('CNFd4957a12ca614856','VERccaf0e3aa2a2435e','2024-10-19','MAN-0100128',TRUE),
('CNFfb8b63b1a3fa4f02','VERccc489cc780242fb','2023-06-16','MAN-0100129',TRUE),
('CNFe6dbe71e4dd947b4','VER088bd70dfe6a4fa4','2023-05-17','MAN-0100130',TRUE),
('CNF1c6b0e12b3ad437b','VER9876d4a0eaea4818','2023-11-30','MAN-0100131',TRUE),
('CNFe9928cbe9edb4ef6','VERf9806cfbad514290','2024-08-21','MAN-0100132',TRUE),
('CNF75090303add44dab','VER751e15a547c442ad','2024-06-11','MAN-0100133',TRUE),
('CNF700ce61f2eff4f2d','VER8350c7ae7fe14204','2023-04-18','MAN-0100134',TRUE),
('CNF468f83df58f34f03','VER0529b0b781ad45f3','2023-08-13','MAN-0100135',TRUE),
('CNF8addee285b144f01','VER89409c6d98f54038','2024-04-16','MAN-0100136',TRUE),
('CNF33d27e7e362d41ad','VER2c3240a27b174b2b','2024-09-10','MAN-0100137',TRUE),
('CNF94438d8b91ae40bc','VERbe01f198d36f422d','2023-06-05','MAN-0100138',TRUE),
('CNF9938a613659145be','VER6b5463dbd98f4bc1','2024-04-08','MAN-0100139',TRUE),
('CNF40dd2c8023fc4642','VER748ee2c578dd473d','2023-04-14','MAN-0100140',TRUE);

-- ============================================================
-- 10. HISTORIAL_PEDIDOS
-- ============================================================
INSERT INTO HISTORIAL_PEDIDOS (id_historial,id_usuario,estado_anterior,estado_nuevo,fecha_cambio) VALUES
('HISe8a8f7378a334a0d','USRe34d5e2558514b30','pendiente','confirmado','2023-09-11'),
('HIS18775d84733745f1','USRe34d5e2558514b30','confirmado','enviado','2023-09-13'),
('HIS9f832a0596624670','USR93cc647733db4aef','pendiente','cancelado','2023-03-01'),
('HIS4ab6458685e04d72','USR193108ad3e4b40aa','pendiente','confirmado','2024-05-13'),
('HIS09cd705ab9aa400e','USR193108ad3e4b40aa','confirmado','enviado','2024-05-14'),
('HIS36390443b3114036','USRf49e9bbfde68483a','pendiente','confirmado','2023-06-05'),
('HISd05397a3914d4fda','USRf49e9bbfde68483a','confirmado','enviado','2023-06-06'),
('HIS71becdaea3a44a4f','USRf49e9bbfde68483a','enviado','entregado','2023-06-08'),
('HIS5de3f9c9e2bb4001','USRf59e33f37cec42c9','pendiente','confirmado','2023-11-13'),
('HIS878cc6d5a1a64fae','USRf59e33f37cec42c9','confirmado','enviado','2023-11-13'),
('HISf23ec972037e4a63','USRf59e33f37cec42c9','enviado','entregado','2023-11-14'),
('HIS332631b330074bdb','USRf59e33f37cec42c9','pendiente','confirmado','2023-11-13'),
('HISf436a4f7a7f74932','USRf59e33f37cec42c9','confirmado','enviado','2023-11-14'),
('HIS0be15e8119104a2b','USRf59e33f37cec42c9','enviado','entregado','2023-11-15'),
('HISfdf8d7124b804d14','USR27c0f5924cc84edd','pendiente','confirmado','2024-04-18'),
('HIS2fa1f83f4444431e','USR27c0f5924cc84edd','confirmado','enviado','2024-04-18'),
('HIS44f701a006b34a6c','USR27c0f5924cc84edd','enviado','entregado','2024-04-19'),
('HIS776d9bb6f3634223','USReb29870935454338','pendiente','cancelado','2024-05-22'),
('HIS82037f31e83441bc','USR27c0f5924cc84edd','pendiente','confirmado','2023-10-10'),
('HIS4a036dce7bb84ff2','USR27c0f5924cc84edd','confirmado','enviado','2023-10-12'),
('HIS64ed24826dac4478','USR02c3019971aa4400','pendiente','confirmado','2024-07-15'),
('HIS052beef11ce54e9b','USR02c3019971aa4400','confirmado','enviado','2024-07-16'),
('HIS42e5462abb524e7c','USR02c3019971aa4400','enviado','entregado','2024-07-17'),
('HIS802d9f513613491c','USR294d1f472e94423a','pendiente','confirmado','2024-12-04'),
('HISa23926adea0d4f90','USR294d1f472e94423a','confirmado','enviado','2024-12-06'),
('HIS481db4ba259f4e69','USR294d1f472e94423a','enviado','entregado','2024-12-06'),
('HISc3e4261421f84610','USR193108ad3e4b40aa','pendiente','confirmado','2023-02-04'),
('HIS8929d190bf884889','USR193108ad3e4b40aa','confirmado','enviado','2023-02-05'),
('HIS00b312d5d33b42ce','USRaf09c7f8421a4eab','pendiente','confirmado','2023-12-24'),
('HIS5a68c6feffcb4d94','USRaf09c7f8421a4eab','confirmado','enviado','2023-12-25'),
('HIS63539bf2e52c4e24','USRaf09c7f8421a4eab','enviado','entregado','2023-12-25'),
('HIScb5fa8c97bae4a0a','USR4f0362bda515444f','pendiente','confirmado','2023-01-26'),
('HISc44479e2950b4f51','USR4f0362bda515444f','confirmado','enviado','2023-01-27'),
('HISb59047d971c64adb','USR4f0362bda515444f','enviado','entregado','2023-01-29'),
('HIS1b3a8cf5c40e4f2f','USRaf09c7f8421a4eab','pendiente','confirmado','2023-05-15'),
('HIS0d90c88bfbde43e5','USR601fc2db88b64a19','pendiente','cancelado','2024-10-27'),
('HIS8b0062f5dea34b30','USR0d8a361d9baf42b9','pendiente','confirmado','2024-05-27'),
('HIS8cbf08940e6741a7','USR0d8a361d9baf42b9','confirmado','enviado','2024-05-28'),
('HIS00b739d46ed542b5','USR0d8a361d9baf42b9','enviado','entregado','2024-05-28'),
('HIS7d69257da09b4a8f','USRfc2852ea936c4502','pendiente','confirmado','2024-12-09'),
('HISedbaff854f364d33','USRfc2852ea936c4502','confirmado','enviado','2024-12-11'),
('HIS2e83e430a2464f43','USR294d1f472e94423a','pendiente','confirmado','2024-05-24'),
('HIS4a9020814cdc4941','USR294d1f472e94423a','confirmado','enviado','2024-05-25'),
('HISc7232dc15e1b4468','USRe34d5e2558514b30','pendiente','confirmado','2024-10-02'),
('HIS82222f6569004dd2','USRe34d5e2558514b30','confirmado','enviado','2024-10-02'),
('HIS8d60217dc43d477f','USRe34d5e2558514b30','pendiente','confirmado','2023-12-18'),
('HIS54a2e56af4214d4b','USRe34d5e2558514b30','confirmado','enviado','2023-12-20'),
('HISb6cf538ab5484afd','USR68c53d38ea8644aa','pendiente','confirmado','2024-12-26'),
('HISbcb82584ae754e86','USR68c53d38ea8644aa','confirmado','enviado','2024-12-27'),
('HIS86780c971f9b4eec','USR27c0f5924cc84edd','pendiente','confirmado','2023-10-04'),
('HISea7db626646e4c1b','USR27c0f5924cc84edd','confirmado','enviado','2023-10-04'),
('HISdc1cfb407d29475a','USR27c0f5924cc84edd','enviado','entregado','2023-10-05'),
('HIS5cf30e749c7e4a38','USRf49e9bbfde68483a','pendiente','confirmado','2024-10-07'),
('HISff4d16d6878645e6','USRf49e9bbfde68483a','confirmado','enviado','2024-10-08'),
('HISf7ec421d953a4f09','USRf49e9bbfde68483a','enviado','entregado','2024-10-10'),
('HIS786f3ba26a6e4d8b','USRfc2852ea936c4502','pendiente','confirmado','2024-07-27'),
('HIS3aae181a998746b4','USR460a88e41d374868','pendiente','confirmado','2023-03-23'),
('HIS5c526a73454d4c02','USRd2ce6e5f9e0345f8','pendiente','confirmado','2023-02-22'),
('HISe14e013b63e04a84','USRd2ce6e5f9e0345f8','confirmado','enviado','2023-02-24'),
('HIS987a9125b2b44366','USRa20bb902898547f7','pendiente','confirmado','2024-07-27'),
('HIS53329190ea4f4149','USRa20bb902898547f7','confirmado','enviado','2024-07-28'),
('HIS0179733dc007497d','USRa20bb902898547f7','enviado','entregado','2024-07-29'),
('HIS38b162737442479b','USRfd383d5a5cf24127','pendiente','confirmado','2023-02-01'),
('HISd1d30b7e260e48b0','USRfd383d5a5cf24127','confirmado','enviado','2023-02-03'),
('HIS84ae0e2a59ca4496','USRfd383d5a5cf24127','enviado','entregado','2023-02-05'),
('HISe6d53568d3c14f41','USR979668f4e711439f','pendiente','confirmado','2023-02-20'),
('HIS353da735bb8c4962','USR979668f4e711439f','confirmado','enviado','2023-02-21'),
('HIS1be18021914244c4','USR979668f4e711439f','enviado','entregado','2023-02-21'),
('HIS7dd16644f3544553','USRf489d28a83544ee9','pendiente','cancelado','2023-08-26'),
('HISc6f1bf7ef48e4f2c','USR0ceaa846609b430f','pendiente','confirmado','2023-06-17'),
('HIS9c9b9eabbb3f4651','USR0ceaa846609b430f','confirmado','enviado','2023-06-17'),
('HISea1f4a703f444d41','USR0ceaa846609b430f','enviado','entregado','2023-06-18'),
('HISb607f9643430475e','USR64abfcdacf4c41b5','pendiente','confirmado','2024-06-23'),
('HIS9a5b7b39f15446b2','USR64abfcdacf4c41b5','confirmado','enviado','2024-06-25'),
('HIS3fbcfa96b39b4ef2','USRfc2852ea936c4502','pendiente','confirmado','2024-11-16'),
('HIS27601654dcc042b2','USRfc2852ea936c4502','confirmado','enviado','2024-11-18'),
('HIS88d952bcb4874575','USRfc2852ea936c4502','enviado','entregado','2024-11-19'),
('HIScafcb331267440db','USR85b144a5967e4e07','pendiente','confirmado','2024-01-30'),
('HISd27f23dee1b646ca','USR85b144a5967e4e07','confirmado','enviado','2024-02-01'),
('HISf08065abecf240a1','USR85b144a5967e4e07','enviado','entregado','2024-02-03'),
('HIS01b7bb6156ad4706','USR27c0f5924cc84edd','pendiente','confirmado','2023-03-17'),
('HISd896a46e7c494c9c','USR27c0f5924cc84edd','confirmado','enviado','2023-03-17'),
('HIS7fd3b86f3cb741c3','USR27c0f5924cc84edd','enviado','entregado','2023-03-18'),
('HIS4546f37af5fb4a78','USRb9077063e1f04e94','pendiente','confirmado','2024-03-29'),
('HIS1ec5ebfe6a6f4404','USRb9077063e1f04e94','confirmado','enviado','2024-03-29'),
('HIS98be5f79e0834744','USRb9077063e1f04e94','enviado','entregado','2024-03-29'),
('HISda4211182711425d','USR865f0dc589194e76','pendiente','confirmado','2023-05-10'),
('HIS2672f4aca1954cc7','USR865f0dc589194e76','confirmado','enviado','2023-05-10'),
('HIS861041460a3d4256','USR865f0dc589194e76','enviado','entregado','2023-05-10'),
('HIS2ce613f403aa45d6','USR20f3bbe6d20d42b9','pendiente','confirmado','2024-11-16'),
('HISfd0132d5e56b4f9b','USR20f3bbe6d20d42b9','confirmado','enviado','2024-11-17'),
('HIS6f70f0c760464458','USR20f3bbe6d20d42b9','enviado','entregado','2024-11-18'),
('HIS898815bcb1d34451','USRd742f000b7b54e36','pendiente','confirmado','2024-10-10'),
('HIS2d7ad0a534eb4466','USRd742f000b7b54e36','confirmado','enviado','2024-10-12'),
('HISf02aaabe603c438c','USR85b144a5967e4e07','pendiente','confirmado','2023-11-08'),
('HIS442591c611a94439','USR85b144a5967e4e07','confirmado','enviado','2023-11-10'),
('HIS59b8adfb74064446','USR4b1c25ef91cb4bf7','pendiente','confirmado','2023-04-10'),
('HIS4bf11669a6c14321','USR4b1c25ef91cb4bf7','confirmado','enviado','2023-04-10'),
('HIS02a28e78943c49c1','USR0ceaa846609b430f','pendiente','confirmado','2023-04-18'),
('HISbb2ad13cbf24496f','USR0ceaa846609b430f','confirmado','enviado','2023-04-18'),
('HISf13bc4b015a84dcb','USRdfe18fcbdea5447e','pendiente','confirmado','2024-08-16'),
('HIS9db0f475bc414292','USRdfe18fcbdea5447e','confirmado','enviado','2024-08-17'),
('HIS2ad3954620e240cc','USRdfe18fcbdea5447e','enviado','entregado','2024-08-17'),
('HIS48a03152376b480a','USRb6e7f7de27404bbb','pendiente','confirmado','2023-07-28'),
('HIS28457c1ec2694119','USR460a88e41d374868','pendiente','cancelado','2024-11-04'),
('HISa3dcc568a3304dcd','USR02c3019971aa4400','pendiente','confirmado','2023-11-26'),
('HIS836a5dfaf9954e93','USR02c3019971aa4400','confirmado','enviado','2023-11-27'),
('HIS37d1c69265c14744','USR02c3019971aa4400','enviado','entregado','2023-11-28'),
('HIS2e1b7ed77936448c','USRf489d28a83544ee9','pendiente','confirmado','2024-07-20'),
('HISd2ee454bcaff4dac','USRf489d28a83544ee9','confirmado','enviado','2024-07-22'),
('HIS6c99f3cc6b0b4ca7','USRf489d28a83544ee9','enviado','entregado','2024-07-22'),
('HISb30916932ff8454f','USR53564c67a99d4212','pendiente','confirmado','2023-06-07'),
('HIS166baefbe73f45c7','USR53564c67a99d4212','confirmado','enviado','2023-06-07'),
('HISfed1e92cf42d4184','USRaf09c7f8421a4eab','pendiente','confirmado','2024-05-26'),
('HISbf6457e661fb4373','USRaf09c7f8421a4eab','confirmado','enviado','2024-05-26'),
('HISd654d914cc9549ab','USRaf09c7f8421a4eab','enviado','entregado','2024-05-27'),
('HIS5efab79a4e3a4337','USRf59e33f37cec42c9','pendiente','confirmado','2023-05-31'),
('HIS4bd302ee5b1f4ed7','USRf59e33f37cec42c9','confirmado','enviado','2023-05-31'),
('HIS454e109e351f4c33','USRfd383d5a5cf24127','pendiente','confirmado','2024-08-17'),
('HISeb6a30a3f1364565','USRfc2852ea936c4502','pendiente','confirmado','2024-10-04'),
('HIS58d37d80381e4106','USRfc2852ea936c4502','confirmado','enviado','2024-10-04'),
('HIS531bc3dea0824c70','USRfc2852ea936c4502','enviado','entregado','2024-10-04'),
('HISe7335feee03d4243','USR02c3019971aa4400','pendiente','confirmado','2023-04-23'),
('HIS7a1c1e3ce36b430c','USR02c3019971aa4400','confirmado','enviado','2023-04-24'),
('HIS72833bfd32be4959','USR02c3019971aa4400','enviado','entregado','2023-04-24'),
('HIS8a3c118c4e6e4cec','USRfc2852ea936c4502','pendiente','confirmado','2024-05-17'),
('HISa3eac3a2c1f04119','USRfc2852ea936c4502','confirmado','enviado','2024-05-19'),
('HIS732faeb085fc4b6f','USRfc2852ea936c4502','enviado','entregado','2024-05-19'),
('HISdb3ecdfd34b045e0','USRdd7aca3bc2b24d51','pendiente','confirmado','2023-10-17'),
('HISb111b712416c4bda','USRdd7aca3bc2b24d51','confirmado','enviado','2023-10-18'),
('HIS01f5101c9fa544ac','USRdd7aca3bc2b24d51','enviado','entregado','2023-10-18'),
('HISa5aa5196983b4819','USRfd383d5a5cf24127','pendiente','confirmado','2024-12-12'),
('HISce960f4721cc477d','USRfd383d5a5cf24127','confirmado','enviado','2024-12-12'),
('HISbb5dad23e1754488','USRfd383d5a5cf24127','enviado','entregado','2024-12-12'),
('HIS241c3d5600cd4313','USR93cc647733db4aef','pendiente','confirmado','2024-06-12'),
('HISedfe97adbd534c24','USR865f0dc589194e76','pendiente','confirmado','2024-08-16'),
('HIS49d2afb2cf6749f4','USR64abfcdacf4c41b5','pendiente','confirmado','2023-04-09'),
('HIS94bfd1799adf4f9f','USR64abfcdacf4c41b5','confirmado','enviado','2023-04-11'),
('HIS8289048ea99b48b5','USR64abfcdacf4c41b5','enviado','entregado','2023-04-13'),
('HISdd17f4de49724203','USR64abfcdacf4c41b5','pendiente','confirmado','2023-12-23'),
('HISd9fb4de06b0247de','USR64abfcdacf4c41b5','confirmado','enviado','2023-12-24'),
('HISe9a10a0cdc76411a','USRe34d5e2558514b30','pendiente','confirmado','2024-04-05'),
('HIS38aa5f4ee86445c1','USRe34d5e2558514b30','confirmado','enviado','2024-04-07'),
('HIS07050dddb9e24958','USRe34d5e2558514b30','enviado','entregado','2024-04-08'),
('HISd594a21fa15e4e56','USRdb2582ad8985443f','pendiente','confirmado','2024-07-17'),
('HIS2b7bd2d0c47346c7','USRdb2582ad8985443f','confirmado','enviado','2024-07-17'),
('HIS4de693ac8bbb4f40','USRa7fdddc0c2dd451c','pendiente','confirmado','2023-08-30'),
('HIS1cbc77aef60248c7','USRdd7aca3bc2b24d51','pendiente','confirmado','2023-07-17'),
('HIS2b89c7192fab4cb7','USRdd7aca3bc2b24d51','confirmado','enviado','2023-07-17'),
('HISfb23bda94fb94a7d','USRdd7aca3bc2b24d51','enviado','entregado','2023-07-19'),
('HIS19caf51857f34e46','USR0ceaa846609b430f','pendiente','confirmado','2023-06-25'),
('HIS6dd44b58230d40a3','USR0ceaa846609b430f','confirmado','enviado','2023-06-27'),
('HIS486400c1a5b542e0','USR93cc647733db4aef','pendiente','cancelado','2024-10-13'),
('HISe0456634e1aa4b87','USR64abfcdacf4c41b5','pendiente','confirmado','2024-02-29'),
('HIS3cf5c2b9daee4510','USR4b1c25ef91cb4bf7','pendiente','confirmado','2023-01-15'),
('HISe7f112b836e34454','USR4b1c25ef91cb4bf7','confirmado','enviado','2023-01-17'),
('HISb61f166bbabf423b','USR4b1c25ef91cb4bf7','enviado','entregado','2023-01-18'),
('HIS58b657b343af4e59','USR0d8a361d9baf42b9','pendiente','confirmado','2024-03-20'),
('HISe61cc4b5c42845da','USR0d8a361d9baf42b9','confirmado','enviado','2024-03-21'),
('HIS733f8c1507664722','USR0d8a361d9baf42b9','enviado','entregado','2024-03-21'),
('HIS89d8ebb58f3a4162','USR0ceaa846609b430f','pendiente','confirmado','2024-06-30'),
('HIS6d89957409104b58','USR0ceaa846609b430f','confirmado','enviado','2024-06-30'),
('HISdea79c2c64df4396','USR0ceaa846609b430f','enviado','entregado','2024-06-30'),
('HIS7b9e8326131f4ee8','USReb29870935454338','pendiente','cancelado','2023-09-14'),
('HISec2e790578c34278','USRa0c4cbcf30ec4260','pendiente','confirmado','2023-06-04'),
('HIS6c5994fbc5134aa0','USRa0c4cbcf30ec4260','confirmado','enviado','2023-06-05'),
('HISceecd862ddda4637','USRa0c4cbcf30ec4260','enviado','entregado','2023-06-06'),
('HISc88c2e57f725440f','USR2588b24bac6742c8','pendiente','confirmado','2024-05-19'),
('HIS6dc823b98b514eb7','USR2588b24bac6742c8','confirmado','enviado','2024-05-19'),
('HISa3b2a1063aad4edc','USR2588b24bac6742c8','enviado','entregado','2024-05-20'),
('HIS0862bffdea7f47b6','USR294d1f472e94423a','pendiente','cancelado','2023-10-18'),
('HISa87794555f6645db','USRb6e7f7de27404bbb','pendiente','confirmado','2023-12-29'),
('HISf59c3cbd7a9649af','USRb6e7f7de27404bbb','confirmado','enviado','2023-12-30'),
('HIS033a0982fcb348ca','USRb6e7f7de27404bbb','enviado','entregado','2023-12-30'),
('HIS82eb1ffb506c45c3','USRfd383d5a5cf24127','pendiente','cancelado','2024-06-21'),
('HIS5e9cb7970caa443a','USRf489d28a83544ee9','pendiente','confirmado','2024-10-04'),
('HIS8efe18df6ef34af9','USRf489d28a83544ee9','confirmado','enviado','2024-10-06'),
('HIS84bb4718ae9146d2','USReb29870935454338','pendiente','confirmado','2023-03-29'),
('HIS4c4c792219bd47cc','USReb29870935454338','confirmado','enviado','2023-03-30'),
('HISe497f2116644463a','USReb29870935454338','enviado','entregado','2023-04-01'),
('HIS401a097e792b4ee0','USR460a88e41d374868','pendiente','cancelado','2024-09-29'),
('HIS803c5335fa564204','USR02c3019971aa4400','pendiente','confirmado','2023-02-20'),
('HISfdb366c66ee542a1','USR02c3019971aa4400','confirmado','enviado','2023-02-21'),
('HIS809f06d5f7a5492c','USRdfe18fcbdea5447e','pendiente','confirmado','2023-09-10'),
('HISff4892283ddf42ec','USRdfe18fcbdea5447e','confirmado','enviado','2023-09-10'),
('HIS92d6d776f7b847eb','USRdfe18fcbdea5447e','enviado','entregado','2023-09-10'),
('HISc6ee4e12047d4ed5','USR4584d3f3dbab4b64','pendiente','confirmado','2024-06-25'),
('HIS9949288fee584900','USR4584d3f3dbab4b64','confirmado','enviado','2024-06-25'),
('HISc7b5bef35b754627','USR4584d3f3dbab4b64','enviado','entregado','2024-06-27'),
('HISc8f1eebaab3f4948','USR2588b24bac6742c8','pendiente','cancelado','2023-06-11'),
('HIS3c0fe99c1dde444a','USRd742f000b7b54e36','pendiente','confirmado','2023-07-06'),
('HISdde265b5cf184ab9','USRd742f000b7b54e36','confirmado','enviado','2023-07-08'),
('HIS8e5764f77b734900','USRd742f000b7b54e36','enviado','entregado','2023-07-08'),
('HIS696dd50f875341d7','USR601fc2db88b64a19','pendiente','confirmado','2023-10-09'),
('HIS73116cfd8da54d83','USR601fc2db88b64a19','confirmado','enviado','2023-10-10'),
('HISf55a9f1563364c11','USR601fc2db88b64a19','enviado','entregado','2023-10-12'),
('HISd5c21e0805464f37','USRdd7aca3bc2b24d51','pendiente','confirmado','2024-12-04'),
('HIS2bdff48b871649db','USRdd7aca3bc2b24d51','confirmado','enviado','2024-12-06'),
('HIS2b47333862ac4616','USRdd7aca3bc2b24d51','enviado','entregado','2024-12-08'),
('HIS2c8bc3bdabd8420d','USR601fc2db88b64a19','pendiente','confirmado','2023-11-21'),
('HIS7b999bc671ae464e','USRe34d5e2558514b30','pendiente','cancelado','2023-04-10'),
('HISfa3f9b39368c4c54','USR0ceaa846609b430f','pendiente','cancelado','2024-10-23'),
('HIS43c5ccf4b12c4dc1','USRe34d5e2558514b30','pendiente','confirmado','2023-12-29'),
('HISbf24f723404d4946','USRe34d5e2558514b30','confirmado','enviado','2023-12-30'),
('HIS5a7a65afb56f4d75','USRe34d5e2558514b30','enviado','entregado','2024-01-01'),
('HIS74ab2d0d1c404b6f','USR27c0f5924cc84edd','pendiente','confirmado','2023-06-25'),
('HISb7265474b5414c45','USR27c0f5924cc84edd','confirmado','enviado','2023-06-26'),
('HISa431458aedeb44d1','USR27c0f5924cc84edd','enviado','entregado','2023-06-27'),
('HIS01413c48c5cb4fca','USR2588b24bac6742c8','pendiente','cancelado','2024-12-20'),
('HIS4aa2e240254d4fa5','USR979668f4e711439f','pendiente','confirmado','2024-04-03'),
('HISbc2c9910bf014c28','USR979668f4e711439f','confirmado','enviado','2024-04-03'),
('HIS7f28d45d0e89428a','USR979668f4e711439f','enviado','entregado','2024-04-05'),
('HIS0b849ff8220b43a2','USRd2ce6e5f9e0345f8','pendiente','confirmado','2023-06-06'),
('HIS12c3bcb3ef05431e','USRd2ce6e5f9e0345f8','confirmado','enviado','2023-06-07'),
('HIS76601dc25bc44b0b','USRd2ce6e5f9e0345f8','enviado','entregado','2023-06-09'),
('HIS5226b7f1adda4344','USR53564c67a99d4212','pendiente','confirmado','2024-05-25'),
('HIS1a5434d9278b49e3','USRfc2852ea936c4502','pendiente','confirmado','2023-02-19'),
('HIS6b5f21ef69134b09','USRfc2852ea936c4502','confirmado','enviado','2023-02-19'),
('HIS2cbde0de33114f8a','USR4584d3f3dbab4b64','pendiente','confirmado','2024-05-02'),
('HISe28f916b594d4ae1','USR4584d3f3dbab4b64','confirmado','enviado','2024-05-04'),
('HIS50c18d63151f4e6c','USR4b1c25ef91cb4bf7','pendiente','confirmado','2024-04-16'),
('HISaf8a5076d07145f5','USR4b1c25ef91cb4bf7','confirmado','enviado','2024-04-18'),
('HISb5e84c7a918f4839','USR4b1c25ef91cb4bf7','enviado','entregado','2024-04-19'),
('HIS574a00d825894a71','USRa0c4cbcf30ec4260','pendiente','confirmado','2023-11-26'),
('HIS9b66e43f726f46db','USRa0c4cbcf30ec4260','confirmado','enviado','2023-11-28'),
('HIS01a4d363609d4c85','USRa0c4cbcf30ec4260','enviado','entregado','2023-11-29'),
('HIS73d0f7ce3ba043a6','USRf489d28a83544ee9','pendiente','confirmado','2023-04-16'),
('HIS1e4db7d8c99442d8','USRf489d28a83544ee9','confirmado','enviado','2023-04-18'),
('HIS92b94fc1b67c4def','USRf489d28a83544ee9','enviado','entregado','2023-04-18'),
('HIS6ccbd2f2e6a846e7','USR64abfcdacf4c41b5','pendiente','confirmado','2023-07-31'),
('HIS9ab64a409e124aef','USR4584d3f3dbab4b64','pendiente','cancelado','2024-12-14'),
('HIS58c695a3448d4420','USRdb2582ad8985443f','pendiente','confirmado','2023-04-29'),
('HIS50a0ff60cd8e486e','USRdb2582ad8985443f','confirmado','enviado','2023-05-01'),
('HIS0479f00bc4394250','USRdb2582ad8985443f','enviado','entregado','2023-05-02'),
('HISa9c342289c5a4332','USR53564c67a99d4212','pendiente','confirmado','2024-05-12'),
('HISd4f1ffc574ec444a','USR53564c67a99d4212','confirmado','enviado','2024-05-14'),
('HISaf65d1d9571f4f9e','USR53564c67a99d4212','enviado','entregado','2024-05-16'),
('HISbe110c7e9b984cbc','USR85b144a5967e4e07','pendiente','cancelado','2024-12-12'),
('HISb9106ff0ee1f4f3a','USRc747a28316bc43a7','pendiente','confirmado','2023-04-14'),
('HIS343adb762c674a96','USR601fc2db88b64a19','pendiente','confirmado','2024-11-24'),
('HIS30fb86d572fc4dc3','USR460a88e41d374868','pendiente','confirmado','2024-08-12'),
('HISda6306856dbb4767','USR0d8a361d9baf42b9','pendiente','confirmado','2024-04-29'),
('HISd7e05649c9114bb2','USR0d8a361d9baf42b9','confirmado','enviado','2024-04-30'),
('HIS4763da24cb0d4d55','USR0d8a361d9baf42b9','enviado','entregado','2024-05-01'),
('HIS5c85dffd22f647f6','USRa20bb902898547f7','pendiente','cancelado','2023-10-22'),
('HISa0983e14ee384dab','USRd2ce6e5f9e0345f8','pendiente','confirmado','2024-12-31'),
('HISc8b2d92149194a1c','USRd2ce6e5f9e0345f8','confirmado','enviado','2025-01-01'),
('HISf1dae7f6f81f416e','USRd2ce6e5f9e0345f8','enviado','entregado','2025-01-01'),
('HIS20ebe8c14b034a6b','USRa20bb902898547f7','pendiente','confirmado','2023-01-26'),
('HIS3ef7ccce6d9b4882','USRa20bb902898547f7','confirmado','enviado','2023-01-28'),
('HIS614e629413e9488d','USRa20bb902898547f7','enviado','entregado','2023-01-29'),
('HIS52f921a13b304229','USR53564c67a99d4212','pendiente','confirmado','2024-10-08'),
('HIS19524c9645144162','USR53564c67a99d4212','confirmado','enviado','2024-10-08'),
('HIS2b3e66141f4e4b2c','USR53564c67a99d4212','enviado','entregado','2024-10-08'),
('HIS0083ec96e49044c1','USR02c3019971aa4400','pendiente','confirmado','2023-04-08'),
('HIS15aa891bba3f4a52','USR02c3019971aa4400','confirmado','enviado','2023-04-09'),
('HIS36303e870cd74143','USR02c3019971aa4400','enviado','entregado','2023-04-11'),
('HISfaa0e7d0349048fb','USRfc2852ea936c4502','pendiente','confirmado','2024-10-20'),
('HIS3babdd30791845ce','USRfc2852ea936c4502','confirmado','enviado','2024-10-21'),
('HIS0a404671463548dc','USRfc2852ea936c4502','enviado','entregado','2024-10-23'),
('HISa9e3a5272c6a47df','USR5c8419e81dbe4a4c','pendiente','confirmado','2024-04-22'),
('HIS6deef1cbcda04d46','USR5c8419e81dbe4a4c','confirmado','enviado','2024-04-24'),
('HISc20972f9b1e940e4','USR5c8419e81dbe4a4c','enviado','entregado','2024-04-26'),
('HISed2428a8985249b3','USR93cc647733db4aef','pendiente','confirmado','2023-11-02'),
('HISee0ad7f8a06143d5','USR93cc647733db4aef','confirmado','enviado','2023-11-02'),
('HIS7b478d96d30a4b61','USRb6e7f7de27404bbb','pendiente','confirmado','2023-04-18'),
('HISf57e15b99f624e2a','USRb6e7f7de27404bbb','confirmado','enviado','2023-04-20'),
('HIS170a00ed3b0742b1','USRb6e7f7de27404bbb','enviado','entregado','2023-04-21'),
('HIS129e0ac081e74dca','USR0ceaa846609b430f','pendiente','confirmado','2024-08-05'),
('HIS3e8ce2ed88434aef','USR0ceaa846609b430f','confirmado','enviado','2024-08-05'),
('HIS6df331fda03f4e8d','USR0ceaa846609b430f','enviado','entregado','2024-08-07'),
('HIS7fa1927ff06d4a5f','USRd2ce6e5f9e0345f8','pendiente','confirmado','2024-04-20'),
('HIS15082e9cb0dd4ba0','USRd2ce6e5f9e0345f8','confirmado','enviado','2024-04-21'),
('HIS836281967f894b9d','USRd2ce6e5f9e0345f8','enviado','entregado','2024-04-22'),
('HIS4f882e8fdc2d46ba','USReb29870935454338','pendiente','confirmado','2024-04-08'),
('HIS360f103436b045bd','USReb29870935454338','confirmado','enviado','2024-04-09'),
('HISead0274849bc4866','USReb29870935454338','enviado','entregado','2024-04-09'),
('HISf0ed5437c90f4323','USR294d1f472e94423a','pendiente','confirmado','2023-04-14'),
('HIS317bc557da7a47f9','USR294d1f472e94423a','confirmado','enviado','2023-04-16'),
('HIS7a8c90f1e255465b','USR294d1f472e94423a','enviado','entregado','2023-04-18'),
('HIS21ab14536c5640ad','USRf489d28a83544ee9','pendiente','confirmado','2024-02-25'),
('HIS8784db3ada424ee4','USRf489d28a83544ee9','confirmado','enviado','2024-02-25'),
('HIS7bace288583141f0','USR4b1c25ef91cb4bf7','pendiente','cancelado','2024-06-24'),
('HIS8afa2d56a9a74390','USR20f3bbe6d20d42b9','pendiente','confirmado','2023-06-06'),
('HIS69365ac6c86643a5','USR20f3bbe6d20d42b9','confirmado','enviado','2023-06-06'),
('HIS43dcdfb15fd94c9c','USR20f3bbe6d20d42b9','enviado','entregado','2023-06-06'),
('HIS24d6447985784e2e','USRf49e9bbfde68483a','pendiente','confirmado','2024-09-15'),
('HISf75154b13ff14a18','USRf49e9bbfde68483a','confirmado','enviado','2024-09-16'),
('HIScfc62f9031cf4930','USRf49e9bbfde68483a','enviado','entregado','2024-09-16'),
('HIS3302d5e3bbea4446','USRa20bb902898547f7','pendiente','cancelado','2024-11-28'),
('HIS8f2832e316cd4356','USRc747a28316bc43a7','pendiente','confirmado','2024-12-26'),
('HIS0da1a4f102344647','USRc747a28316bc43a7','confirmado','enviado','2024-12-28'),
('HISc9d4bf1500e24483','USRc747a28316bc43a7','pendiente','confirmado','2023-10-04'),
('HISe7f2ce989b094e28','USRc747a28316bc43a7','confirmado','enviado','2023-10-05'),
('HISb987009930fe4d78','USRc747a28316bc43a7','enviado','entregado','2023-10-07'),
('HIS96044c98ea4a4b62','USR27c0f5924cc84edd','pendiente','confirmado','2024-10-20'),
('HIS7a476fee6911488c','USR27c0f5924cc84edd','confirmado','enviado','2024-10-22'),
('HIS43d8b0bc744b4b80','USR27c0f5924cc84edd','enviado','entregado','2024-10-24'),
('HIS825bd9b07a284728','USRa0c4cbcf30ec4260','pendiente','confirmado','2023-08-13'),
('HIS33edd63260874d71','USRa0c4cbcf30ec4260','confirmado','enviado','2023-08-15'),
('HISa3d20da259424483','USRa0c4cbcf30ec4260','enviado','entregado','2023-08-16'),
('HIS514ac5569f50440d','USRa0c4cbcf30ec4260','pendiente','confirmado','2023-06-17'),
('HIS4b64085f25f0474a','USRa0c4cbcf30ec4260','confirmado','enviado','2023-06-18'),
('HISfdac4597c7c2444b','USRa0c4cbcf30ec4260','enviado','entregado','2023-06-18'),
('HISe384343ec81a480c','USRa0c4cbcf30ec4260','pendiente','confirmado','2023-11-14'),
('HIS6b15837a06f24312','USRa0c4cbcf30ec4260','confirmado','enviado','2023-11-16'),
('HIS310e1388fe8a4031','USRa0c4cbcf30ec4260','enviado','entregado','2023-11-16'),
('HIS0fded07a988241cc','USRd742f000b7b54e36','pendiente','confirmado','2024-01-03'),
('HISad7ad2023322435c','USRd742f000b7b54e36','confirmado','enviado','2024-01-03'),
('HIS0626b8d6df4a4d5f','USRd742f000b7b54e36','enviado','entregado','2024-01-05'),
('HIS61cdd02c20bb44e6','USReb29870935454338','pendiente','confirmado','2023-12-12'),
('HIS7b91aec413634166','USRf489d28a83544ee9','pendiente','confirmado','2024-09-05'),
('HIS7e1629c772c6456a','USRf489d28a83544ee9','confirmado','enviado','2024-09-06'),
('HISf386b48c0ce54d5f','USRf489d28a83544ee9','enviado','entregado','2024-09-08'),
('HIS5033c00675c843b8','USR601fc2db88b64a19','pendiente','confirmado','2023-06-22'),
('HISa535553210114d57','USR601fc2db88b64a19','confirmado','enviado','2023-06-23'),
('HIS1ef371c2f08143d6','USR601fc2db88b64a19','enviado','entregado','2023-06-25'),
('HIS185071721ae64333','USR294d1f472e94423a','pendiente','confirmado','2024-10-03'),
('HIS729aef5e852840d8','USR294d1f472e94423a','confirmado','enviado','2024-10-04'),
('HIS538ec6a0ca6a4f90','USR294d1f472e94423a','enviado','entregado','2024-10-05'),
('HIS032b1f1bca514725','USRd742f000b7b54e36','pendiente','cancelado','2023-07-10'),
('HISc1f9b7d637394fe4','USRdfe18fcbdea5447e','pendiente','confirmado','2023-11-22'),
('HISa91882ad36ea41f6','USRdfe18fcbdea5447e','confirmado','enviado','2023-11-24'),
('HIS23c7c5de3f004f9e','USRdfe18fcbdea5447e','enviado','entregado','2023-11-25'),
('HIS128e0b5b08464e2c','USR02c3019971aa4400','pendiente','confirmado','2023-05-29'),
('HIS8c5264fd37764165','USR02c3019971aa4400','confirmado','enviado','2023-05-29'),
('HIS53aa4f02aa1e4700','USR02c3019971aa4400','enviado','entregado','2023-05-31'),
('HIS3e3ac94562404d0d','USRa0c4cbcf30ec4260','pendiente','confirmado','2023-06-15'),
('HISd4a266947e9a4b2d','USRa0c4cbcf30ec4260','confirmado','enviado','2023-06-16'),
('HIS5597c399a34d4487','USRa0c4cbcf30ec4260','enviado','entregado','2023-06-16'),
('HIS613e42fa5bf84f25','USR193108ad3e4b40aa','pendiente','confirmado','2024-06-29'),
('HIS6a56e41b0031493f','USR193108ad3e4b40aa','confirmado','enviado','2024-07-01'),
('HIS3810b4c7176c4817','USR193108ad3e4b40aa','enviado','entregado','2024-07-01'),
('HISab575b27388845bc','USRa0c4cbcf30ec4260','pendiente','confirmado','2024-06-17'),
('HISb6cd64561a294bc3','USRa0c4cbcf30ec4260','confirmado','enviado','2024-06-19'),
('HIS908592f694a74300','USRa0c4cbcf30ec4260','enviado','entregado','2024-06-19'),
('HIS5da61f4320274c49','USR02c3019971aa4400','pendiente','confirmado','2023-06-23'),
('HISf1763d2b7aa14cee','USR02c3019971aa4400','confirmado','enviado','2023-06-24'),
('HIS9cbd706225d24ef4','USR02c3019971aa4400','enviado','entregado','2023-06-24'),
('HIS4e50b97ad6f44d30','USR4b1c25ef91cb4bf7','pendiente','confirmado','2023-03-25'),
('HIS0e6c65c3c5ca41b9','USR4b1c25ef91cb4bf7','confirmado','enviado','2023-03-27'),
('HISc1c4bb0e08de4288','USR4f0362bda515444f','pendiente','confirmado','2023-01-29'),
('HIS0f5d2c084d224b23','USR4f0362bda515444f','confirmado','enviado','2023-01-29'),
('HISa8769cd4127641a6','USR4f0362bda515444f','enviado','entregado','2023-01-31'),
('HIS438cfface5414747','USRe34d5e2558514b30','pendiente','confirmado','2024-11-10'),
('HIS23d52954161547e0','USRe34d5e2558514b30','confirmado','enviado','2024-11-10'),
('HIS993c7700f6ee42bf','USRe34d5e2558514b30','enviado','entregado','2024-11-12'),
('HISc3ceb10214ab4515','USRd2ce6e5f9e0345f8','pendiente','confirmado','2024-04-28'),
('HISbd1f5e4b8bc34871','USR53564c67a99d4212','pendiente','confirmado','2024-08-06'),
('HISc183dd7c7fd74203','USR53564c67a99d4212','confirmado','enviado','2024-08-07'),
('HISe4a4827b41e24a61','USR53564c67a99d4212','enviado','entregado','2024-08-09'),
('HIS409b702466614c49','USR460a88e41d374868','pendiente','confirmado','2024-12-03'),
('HISb5eb047abbdb4529','USR0ceaa846609b430f','pendiente','confirmado','2023-11-25'),
('HIS71434db0f1654e3e','USRb9077063e1f04e94','pendiente','confirmado','2023-10-24'),
('HIS67f61a73c93f4ee9','USRb9077063e1f04e94','confirmado','enviado','2023-10-25'),
('HIS9c70e2abf93246ea','USRb9077063e1f04e94','enviado','entregado','2023-10-27'),
('HISff9d21bb47e5434d','USRc747a28316bc43a7','pendiente','confirmado','2023-08-14'),
('HIS44f30c9869674492','USRc747a28316bc43a7','confirmado','enviado','2023-08-16'),
('HIS01c2cbe8e44446d9','USRc747a28316bc43a7','enviado','entregado','2023-08-18'),
('HISe4b3efcc971e471a','USR2588b24bac6742c8','pendiente','confirmado','2024-04-27'),
('HIS2bed4ed7e48d4b1b','USRdd7aca3bc2b24d51','pendiente','confirmado','2023-03-02'),
('HIS6789de0f9a754a6d','USRdd7aca3bc2b24d51','confirmado','enviado','2023-03-02'),
('HIS88af3af6dae943e4','USRdd7aca3bc2b24d51','enviado','entregado','2023-03-02'),
('HISdb4830e8d6584827','USRaf09c7f8421a4eab','pendiente','confirmado','2023-07-28'),
('HISdd66c4b6d1d94bbe','USRb9077063e1f04e94','pendiente','confirmado','2024-01-10'),
('HIS8e2142a583444e39','USRa0c4cbcf30ec4260','pendiente','confirmado','2024-07-08'),
('HISf4bcb92607dc438a','USRa0c4cbcf30ec4260','confirmado','enviado','2024-07-09'),
('HIS6183f4a9e81244a2','USRa0c4cbcf30ec4260','enviado','entregado','2024-07-11'),
('HIS60a7ebc3dd794c58','USRfc2852ea936c4502','pendiente','confirmado','2024-09-03'),
('HIS3b152a9a495445c1','USRfc2852ea936c4502','confirmado','enviado','2024-09-05'),
('HISc103ba3e0ec54a9b','USRfc2852ea936c4502','enviado','entregado','2024-09-07'),
('HISd8696142e8c949f4','USR0ceaa846609b430f','pendiente','confirmado','2023-04-12'),
('HISa480ee879e9241eb','USR0ceaa846609b430f','confirmado','enviado','2023-04-13'),
('HIS5abecbd760604753','USR0ceaa846609b430f','enviado','entregado','2023-04-14'),
('HIS553116a1e5a14b94','USR27c0f5924cc84edd','pendiente','confirmado','2023-03-05'),
('HIS5c9bfa9618a34f13','USR27c0f5924cc84edd','confirmado','enviado','2023-03-06'),
('HIS98d87dc4abc045dd','USR27c0f5924cc84edd','enviado','entregado','2023-03-07'),
('HIS3b16987b15574044','USRfd383d5a5cf24127','pendiente','confirmado','2024-02-03'),
('HIS74a384c76f634a24','USR2588b24bac6742c8','pendiente','confirmado','2023-11-22'),
('HIS3be66e5f8756499b','USR2588b24bac6742c8','confirmado','enviado','2023-11-23'),
('HIS4db765e61f4d4755','USR2588b24bac6742c8','pendiente','confirmado','2023-04-19'),
('HISc2dbc33453eb45d2','USR2588b24bac6742c8','confirmado','enviado','2023-04-20'),
('HIS404b3fb3c7fc42de','USR2588b24bac6742c8','enviado','entregado','2023-04-22'),
('HISbaba065c8a594da3','USR20f3bbe6d20d42b9','pendiente','confirmado','2023-01-16'),
('HIS2a23090e2b4c4d69','USR20f3bbe6d20d42b9','confirmado','enviado','2023-01-18'),
('HISa838048a554d454d','USR20f3bbe6d20d42b9','enviado','entregado','2023-01-20'),
('HISb441b65774e44e48','USRb6e7f7de27404bbb','pendiente','cancelado','2024-09-07'),
('HIS3b1d0e19f958469b','USRa7fdddc0c2dd451c','pendiente','confirmado','2024-04-07'),
('HIS4018df2ff3934b9a','USRa7fdddc0c2dd451c','confirmado','enviado','2024-04-09'),
('HIS8b1479de018e46bb','USRa7fdddc0c2dd451c','enviado','entregado','2024-04-11'),
('HIS180ce943fb4b4c52','USR85b144a5967e4e07','pendiente','confirmado','2023-09-19'),
('HISfec8ba8111114618','USR85b144a5967e4e07','confirmado','enviado','2023-09-20'),
('HIS368c944893eb4141','USR85b144a5967e4e07','enviado','entregado','2023-09-21'),
('HIS3c475585de4f4131','USRf49e9bbfde68483a','pendiente','cancelado','2023-08-05'),
('HIS83732eccc8714372','USR64abfcdacf4c41b5','pendiente','confirmado','2024-11-16'),
('HISe5b28fd0af0b486e','USR64abfcdacf4c41b5','confirmado','enviado','2024-11-16'),
('HIS5b5254a44ea14a98','USR64abfcdacf4c41b5','enviado','entregado','2024-11-18'),
('HIS91b92f8f6aa243e9','USR294d1f472e94423a','pendiente','confirmado','2024-10-17'),
('HIS80d0fe9891de4273','USR294d1f472e94423a','confirmado','enviado','2024-10-18'),
('HIS840f740e21264a64','USR294d1f472e94423a','enviado','entregado','2024-10-20'),
('HIS83bf723f88b74242','USRc747a28316bc43a7','pendiente','confirmado','2023-06-15'),
('HIS4713b65aacc94b4a','USRc747a28316bc43a7','confirmado','enviado','2023-06-17'),
('HIS14d00c82028e4c8d','USRc747a28316bc43a7','enviado','entregado','2023-06-17'),
('HIS7a26c6ce49124054','USR601fc2db88b64a19','pendiente','confirmado','2023-05-15'),
('HIS63d93cb9d77b465b','USR601fc2db88b64a19','confirmado','enviado','2023-05-15'),
('HISe7fc9bf707634fd9','USR601fc2db88b64a19','enviado','entregado','2023-05-16'),
('HIS1990451afeef466b','USR4b1c25ef91cb4bf7','pendiente','cancelado','2023-05-11'),
('HIS1692905e0f3e4053','USReb29870935454338','pendiente','cancelado','2023-03-21'),
('HIS7b659ac89453413d','USR27c0f5924cc84edd','pendiente','cancelado','2023-11-20'),
('HIS6a00885399ab472f','USR02c3019971aa4400','pendiente','confirmado','2023-11-27'),
('HISc156e071e58246e4','USR02c3019971aa4400','confirmado','enviado','2023-11-29'),
('HISb16ca2c41d854706','USR02c3019971aa4400','enviado','entregado','2023-11-30'),
('HIS4b213431cd7e4384','USRb6e7f7de27404bbb','pendiente','confirmado','2024-08-22'),
('HISe8f980ecf8924036','USRb6e7f7de27404bbb','confirmado','enviado','2024-08-24'),
('HISd7461eae83064bcb','USRb6e7f7de27404bbb','enviado','entregado','2024-08-26'),
('HIS211c571798fa4937','USReb29870935454338','pendiente','confirmado','2024-06-10'),
('HISa7d1dabba10e497b','USReb29870935454338','confirmado','enviado','2024-06-12'),
('HIS7a4b99ba1daa4279','USReb29870935454338','enviado','entregado','2024-06-12'),
('HIS1323f65cb9a6417f','USRaf09c7f8421a4eab','pendiente','confirmado','2023-04-15'),
('HIS1e796c66f48145e9','USRaf09c7f8421a4eab','confirmado','enviado','2023-04-15'),
('HISe5f061e6e54a468a','USRaf09c7f8421a4eab','enviado','entregado','2023-04-16'),
('HIS088adfede2c64d33','USR02c3019971aa4400','pendiente','cancelado','2024-12-25'),
('HIS6adacdf4ab46470e','USR4584d3f3dbab4b64','pendiente','confirmado','2023-08-11'),
('HISd996eeee6ae543b8','USR4584d3f3dbab4b64','confirmado','enviado','2023-08-11'),
('HIS2db3563e537446d0','USR20f3bbe6d20d42b9','pendiente','confirmado','2024-04-14'),
('HISbba61642ae5c4dfd','USR20f3bbe6d20d42b9','confirmado','enviado','2024-04-15'),
('HISd48a402be2d44c81','USR20f3bbe6d20d42b9','enviado','entregado','2024-04-17'),
('HIS73dbb60929224806','USR85b144a5967e4e07','pendiente','confirmado','2024-09-07'),
('HIS9e88bcc512104043','USR85b144a5967e4e07','confirmado','enviado','2024-09-07'),
('HIS3ae5fb2f22b147d9','USR85b144a5967e4e07','enviado','entregado','2024-09-08'),
('HIS0ad4dc09a69243d2','USRaf09c7f8421a4eab','pendiente','confirmado','2024-06-02'),
('HIS089c70bc978840bf','USR20f3bbe6d20d42b9','pendiente','confirmado','2023-06-02'),
('HIS500560907b9249ba','USR20f3bbe6d20d42b9','confirmado','enviado','2023-06-04'),
('HIS1f34649761f24f0a','USReb29870935454338','pendiente','confirmado','2024-04-06'),
('HIS33265cfa2b84488c','USReb29870935454338','confirmado','enviado','2024-04-08'),
('HIS680fc77555824896','USReb29870935454338','enviado','entregado','2024-04-08'),
('HIS6a221f2ba5064935','USR2588b24bac6742c8','pendiente','confirmado','2023-04-14'),
('HISb4599e20d0f848b4','USR2588b24bac6742c8','confirmado','enviado','2023-04-14'),
('HISf557341bf8c245e5','USR2588b24bac6742c8','enviado','entregado','2023-04-16'),
('HIS544bf3e0b5e6417e','USRa0c4cbcf30ec4260','pendiente','cancelado','2023-03-06');

-- ============================================================
-- 11. HISTORIAL_PEDIDOS_NOR
-- ============================================================
INSERT INTO HISTORIAL_PEDIDOS_NOR (id_historial_nor,id_pedido,id_historial) VALUES
('NOR665739738eb3471f','PEDccbf825dbf224cc3','HISe8a8f7378a334a0d'),
('NOR4c892a50fc7049aa','PEDccbf825dbf224cc3','HIS18775d84733745f1'),
('NORda66f0f2e97d45c1','PED4fa10fc35ec3434b','HIS9f832a0596624670'),
('NOR902e571e8c654458','PED72f25f749e9d4adb','HIS4ab6458685e04d72'),
('NOR262689b19bf84edf','PED72f25f749e9d4adb','HIS09cd705ab9aa400e'),
('NOR99531d793d654abe','PEDe63c7010789645a4','HIS36390443b3114036'),
('NORdd5d525aef674480','PEDe63c7010789645a4','HISd05397a3914d4fda'),
('NORf1f3b51cd68b4278','PEDe63c7010789645a4','HIS71becdaea3a44a4f'),
('NORe06917d06e234c73','PED626f65c59fbd4c14','HIS5de3f9c9e2bb4001'),
('NORc68110fdd8df4b06','PED626f65c59fbd4c14','HIS878cc6d5a1a64fae'),
('NORd18867fe310a4e4f','PED626f65c59fbd4c14','HISf23ec972037e4a63'),
('NORb94cef9f38834ea2','PEDaa4fff89c5b14d3e','HIS332631b330074bdb'),
('NORf18f23ca97ef4702','PEDaa4fff89c5b14d3e','HISf436a4f7a7f74932'),
('NORc589e3f9bfed43ad','PEDaa4fff89c5b14d3e','HIS0be15e8119104a2b'),
('NOR8c48177dadf246e3','PED200ba57469a84828','HISfdf8d7124b804d14'),
('NOR8c5fbb246d1d4a96','PED200ba57469a84828','HIS2fa1f83f4444431e'),
('NORdf45230a58544799','PED200ba57469a84828','HIS44f701a006b34a6c'),
('NOR934bcec0288f4c03','PED2ca03bbd6fab412a','HIS776d9bb6f3634223'),
('NORaff6016755954408','PED5510721872e24b46','HIS82037f31e83441bc'),
('NOR1101fffdcaa34e07','PED5510721872e24b46','HIS4a036dce7bb84ff2'),
('NORd3352f043688423e','PED4aa6d4b07f7e4d99','HIS64ed24826dac4478'),
('NOR74ca6662bcea47cd','PED4aa6d4b07f7e4d99','HIS052beef11ce54e9b'),
('NOR94497505928d4112','PED4aa6d4b07f7e4d99','HIS42e5462abb524e7c'),
('NORc5b44b62466245c7','PED89c7a54b5c1e4ab0','HIS802d9f513613491c'),
('NORff691e8603974d5f','PED89c7a54b5c1e4ab0','HISa23926adea0d4f90'),
('NOR816982cf305e4382','PED89c7a54b5c1e4ab0','HIS481db4ba259f4e69'),
('NORf3f7937c01464baa','PED0e3ae6b0e86540b2','HISc3e4261421f84610'),
('NORecf278c82c9348c1','PED0e3ae6b0e86540b2','HIS8929d190bf884889'),
('NORa583ee91c59a4115','PED6e6aee6b2ac047e9','HIS00b312d5d33b42ce'),
('NOR3f9237abceb040ef','PED6e6aee6b2ac047e9','HIS5a68c6feffcb4d94'),
('NOR78decf2488834733','PED6e6aee6b2ac047e9','HIS63539bf2e52c4e24'),
('NORb3870506ec494353','PEDe7248e6a8c6240ee','HIScb5fa8c97bae4a0a'),
('NOR7657362ed066414b','PEDe7248e6a8c6240ee','HISc44479e2950b4f51'),
('NOR26982aa6553b4449','PEDe7248e6a8c6240ee','HISb59047d971c64adb'),
('NORe29788c94d0f4455','PED732f764917ba4e45','HIS1b3a8cf5c40e4f2f'),
('NORd0b6d0efa82843a2','PED5d2bb1de6d9c43d6','HIS0d90c88bfbde43e5'),
('NOR6f5e62b951f445e0','PEDb1d3ac5e965547a0','HIS8b0062f5dea34b30'),
('NORc044c905f97e4c6b','PEDb1d3ac5e965547a0','HIS8cbf08940e6741a7'),
('NOR58a8d005ee64468b','PEDb1d3ac5e965547a0','HIS00b739d46ed542b5'),
('NORb0a1ab357e2141e0','PEDbbb49939daa8421e','HIS7d69257da09b4a8f'),
('NORaaa7eee3f96d4eac','PEDbbb49939daa8421e','HISedbaff854f364d33'),
('NOR4d43dbec35bb4f63','PEDdcbfefc2dde44fa6','HIS2e83e430a2464f43'),
('NOR08faabb68c684e0d','PEDdcbfefc2dde44fa6','HIS4a9020814cdc4941'),
('NORedb3a0236e7d482c','PEDdb590a25a8b74810','HISc7232dc15e1b4468'),
('NOR608016971aee4140','PEDdb590a25a8b74810','HIS82222f6569004dd2'),
('NOR50b1b50d328f46d9','PED08745aec312c4e77','HIS8d60217dc43d477f'),
('NORd202bfc6e9a34261','PED08745aec312c4e77','HIS54a2e56af4214d4b'),
('NORf343669ec39941f6','PEDeb5166dcf15e4cda','HISb6cf538ab5484afd'),
('NORfeead1fde5854582','PEDeb5166dcf15e4cda','HISbcb82584ae754e86'),
('NOR802a2bf689c04e85','PED1956d7b50bf24f5f','HIS86780c971f9b4eec'),
('NOR51b052d95675401a','PED1956d7b50bf24f5f','HISea7db626646e4c1b'),
('NOR862d859b1c844dd2','PED1956d7b50bf24f5f','HISdc1cfb407d29475a'),
('NOR629be44bbd854bf8','PEDe2b4757db1ff4fe8','HIS5cf30e749c7e4a38'),
('NOR1960774cd5ce42e7','PEDe2b4757db1ff4fe8','HISff4d16d6878645e6'),
('NORe674ebcd8b464e0d','PEDe2b4757db1ff4fe8','HISf7ec421d953a4f09'),
('NORa1ae12ebc9694bc2','PEDc7488384ec29429f','HIS786f3ba26a6e4d8b'),
('NOR8b80732981ef4c72','PED4c562529ff6b4fd6','HIS3aae181a998746b4'),
('NOR6110df3868c1460b','PED31d8b14a7bbc4290','HIS5c526a73454d4c02'),
('NOR23fe9a4090bb4420','PED31d8b14a7bbc4290','HISe14e013b63e04a84'),
('NOR32121d5b1a3d4f5d','PED60a53bd25c1c4f91','HIS987a9125b2b44366'),
('NOR5b82c86836f949b4','PED60a53bd25c1c4f91','HIS53329190ea4f4149'),
('NORf58db1cc599046ad','PED60a53bd25c1c4f91','HIS0179733dc007497d'),
('NOR055604206e7144fc','PED9016ecc758084b27','HIS38b162737442479b'),
('NORc00d6be94f9a451b','PED9016ecc758084b27','HISd1d30b7e260e48b0'),
('NOR2af69271b37f46e1','PED9016ecc758084b27','HIS84ae0e2a59ca4496'),
('NOR3edf0b60203d46ed','PEDec430680cb1a4da9','HISe6d53568d3c14f41'),
('NORa5aafe88b41d449f','PEDec430680cb1a4da9','HIS353da735bb8c4962'),
('NORfe6118247d3c4599','PEDec430680cb1a4da9','HIS1be18021914244c4'),
('NORf9dbb1230e894324','PED63ef69b6b5fd4083','HIS7dd16644f3544553'),
('NORbacca15c6403462f','PED05608435f2044b80','HISc6f1bf7ef48e4f2c'),
('NORed4a038b6a4a4be8','PED05608435f2044b80','HIS9c9b9eabbb3f4651'),
('NOR833cb870276241d6','PED05608435f2044b80','HISea1f4a703f444d41'),
('NOR490154011b414dc8','PED7c53d5905aaf497f','HISb607f9643430475e'),
('NOR8a8ced8a59ee46c3','PED7c53d5905aaf497f','HIS9a5b7b39f15446b2'),
('NORc9885631f6e4423f','PEDf8e008d8625841d2','HIS3fbcfa96b39b4ef2'),
('NORfa235ded6ad34522','PEDf8e008d8625841d2','HIS27601654dcc042b2'),
('NORbee64241d706426a','PEDf8e008d8625841d2','HIS88d952bcb4874575'),
('NOR67dc64f2f8c14c66','PEDde5694a147c741db','HIScafcb331267440db'),
('NOR35fcaa68c2ac46a5','PEDde5694a147c741db','HISd27f23dee1b646ca'),
('NOR2361809251f24408','PEDde5694a147c741db','HISf08065abecf240a1'),
('NOR88ce08e9c4a741ac','PEDe05257b5526b4078','HIS01b7bb6156ad4706'),
('NOR9bb487e8598442d0','PEDe05257b5526b4078','HISd896a46e7c494c9c'),
('NOR723ebc2623f247f9','PEDe05257b5526b4078','HIS7fd3b86f3cb741c3'),
('NOR06235d2f3a504ff6','PEDf1e62da41a5e43ca','HIS4546f37af5fb4a78'),
('NORaa59da1648e04697','PEDf1e62da41a5e43ca','HIS1ec5ebfe6a6f4404'),
('NOR4cb49352253341b1','PEDf1e62da41a5e43ca','HIS98be5f79e0834744'),
('NOR66fdcf6a6c10482d','PED29e7bdba1e3849b1','HISda4211182711425d'),
('NOR1c63cc9d11b24939','PED29e7bdba1e3849b1','HIS2672f4aca1954cc7'),
('NORdedc95d8eedd46b0','PED29e7bdba1e3849b1','HIS861041460a3d4256'),
('NORa5d72b9c42ee4da0','PED778268407ef14590','HIS2ce613f403aa45d6'),
('NORe77efa2c8ecd4432','PED778268407ef14590','HISfd0132d5e56b4f9b'),
('NOR32ee0b1220f045f2','PED778268407ef14590','HIS6f70f0c760464458'),
('NOR857e336494324c07','PED9967f4eb5f3f48a2','HIS898815bcb1d34451'),
('NORf7c47b5d812045f4','PED9967f4eb5f3f48a2','HIS2d7ad0a534eb4466'),
('NORf986d4e3109a4bf8','PED245ab62a2eb84f39','HISf02aaabe603c438c'),
('NOR08d142b34a244ba2','PED245ab62a2eb84f39','HIS442591c611a94439'),
('NOR7ea63b60cabf4992','PED335227f90e774e45','HIS59b8adfb74064446'),
('NORc3cfc9d5e3884a6c','PED335227f90e774e45','HIS4bf11669a6c14321'),
('NORcdf5eca3917b4bdf','PED4ca364d5757a4588','HIS02a28e78943c49c1'),
('NOR1eb49c13dbd04ed8','PED4ca364d5757a4588','HISbb2ad13cbf24496f'),
('NOR8f25a3e29f974dfb','PED3ee7d404fc22433f','HISf13bc4b015a84dcb'),
('NORf4fa82c4e2444046','PED3ee7d404fc22433f','HIS9db0f475bc414292'),
('NORc30f62cda27f43db','PED3ee7d404fc22433f','HIS2ad3954620e240cc'),
('NOR895f017447ae4161','PED9fd213726a4f4938','HIS48a03152376b480a'),
('NOR72068c61b3094237','PED8e5e429a83214f8e','HIS28457c1ec2694119'),
('NORa884288e17f640fb','PEDaaad38d324944c98','HISa3dcc568a3304dcd'),
('NOR85f35cace07245e8','PEDaaad38d324944c98','HIS836a5dfaf9954e93'),
('NOR15d384b4115b4821','PEDaaad38d324944c98','HIS37d1c69265c14744'),
('NOR2c4e5fa9b56d47b0','PED0d64f0985aa24848','HIS2e1b7ed77936448c'),
('NORefa95a4d6ea94faf','PED0d64f0985aa24848','HISd2ee454bcaff4dac'),
('NORe0d2153bd1bd4773','PED0d64f0985aa24848','HIS6c99f3cc6b0b4ca7'),
('NORb11049d628a74ea5','PED244468ac9bbe43ef','HISb30916932ff8454f'),
('NORef1db0525eaa4d91','PED244468ac9bbe43ef','HIS166baefbe73f45c7'),
('NOR8da337d6760a48a9','PED9be71ccaefbf4e77','HISfed1e92cf42d4184'),
('NOR62b1c2e3baf643cf','PED9be71ccaefbf4e77','HISbf6457e661fb4373'),
('NOR65faffd194864058','PED9be71ccaefbf4e77','HISd654d914cc9549ab'),
('NOR59f54dc6f6e149f5','PED5adff73ee28849aa','HIS5efab79a4e3a4337'),
('NOR394d079ce0dd4ae7','PED5adff73ee28849aa','HIS4bd302ee5b1f4ed7'),
('NOR3dfef62b6f754aec','PEDff417ceb3bc44351','HIS454e109e351f4c33'),
('NOR9088b97887204a2d','PEDfb347faca0bd47fd','HISeb6a30a3f1364565'),
('NOR6fec697527ea479c','PEDfb347faca0bd47fd','HIS58d37d80381e4106'),
('NOR48ebd6019a674b3c','PEDfb347faca0bd47fd','HIS531bc3dea0824c70'),
('NORb52f663314e04ef9','PED3afab4f59a55459c','HISe7335feee03d4243'),
('NOR3cd8a5f3750b431f','PED3afab4f59a55459c','HIS7a1c1e3ce36b430c'),
('NOR0d63436f5d914076','PED3afab4f59a55459c','HIS72833bfd32be4959'),
('NOR895cdbcfb3f84584','PEDf368053b4e9f481a','HIS8a3c118c4e6e4cec'),
('NOR8da944783b084903','PEDf368053b4e9f481a','HISa3eac3a2c1f04119'),
('NORcb6d05a844c24164','PEDf368053b4e9f481a','HIS732faeb085fc4b6f'),
('NOR1abc9af5ce144fe6','PEDc1028a20820a4e41','HISdb3ecdfd34b045e0'),
('NOR3fe507d9f4814749','PEDc1028a20820a4e41','HISb111b712416c4bda'),
('NOR8c4cda68263f466b','PEDc1028a20820a4e41','HIS01f5101c9fa544ac'),
('NOR4af70ac041df48d8','PED9a4714207c3c4e68','HISa5aa5196983b4819'),
('NOR85daf7d25c1a4382','PED9a4714207c3c4e68','HISce960f4721cc477d'),
('NOR37aaffcc24024c6e','PED9a4714207c3c4e68','HISbb5dad23e1754488'),
('NOR01392c65f0bd4da9','PED1c4c71281e60405f','HIS241c3d5600cd4313'),
('NOR9e4f64183e954fe0','PED308a230dbcc54834','HISedfe97adbd534c24'),
('NOR0a207dbf23864f5a','PED60d161b316494fde','HIS49d2afb2cf6749f4'),
('NOR69c97cd0f55545df','PED60d161b316494fde','HIS94bfd1799adf4f9f'),
('NORe867d559f99f4055','PED60d161b316494fde','HIS8289048ea99b48b5'),
('NOR0e9405542b4f4185','PED91106d16b0f94193','HISdd17f4de49724203'),
('NOR8a6b28eb0e3f4975','PED91106d16b0f94193','HISd9fb4de06b0247de'),
('NOR6696b24c9b99450f','PED15de56056f5b4af9','HISe9a10a0cdc76411a'),
('NOR6311c2dd6d124a66','PED15de56056f5b4af9','HIS38aa5f4ee86445c1'),
('NOR3f0a7cb3e7224d0d','PED15de56056f5b4af9','HIS07050dddb9e24958'),
('NOR73b8d4dc84634a6f','PEDda894ed4f57d4d0e','HISd594a21fa15e4e56'),
('NOR31e940f9d24645d8','PEDda894ed4f57d4d0e','HIS2b7bd2d0c47346c7'),
('NOR0f48aa7503774b2a','PED4f9eb2f7e9134f95','HIS4de693ac8bbb4f40'),
('NOR06545539cbe146b6','PED127e552915d24088','HIS1cbc77aef60248c7'),
('NOR8d5ab2d6b98e486e','PED127e552915d24088','HIS2b89c7192fab4cb7'),
('NORb4f08561ee2042be','PED127e552915d24088','HISfb23bda94fb94a7d'),
('NORebf0f35611ea4d4d','PEDbb216a3b2d494d49','HIS19caf51857f34e46'),
('NORa1206fdc89304bc2','PEDbb216a3b2d494d49','HIS6dd44b58230d40a3'),
('NOR10d0d3928e9b4556','PED96879892070641fa','HIS486400c1a5b542e0'),
('NORa4c5e805a69f4a14','PEDf36445dc960f4228','HISe0456634e1aa4b87'),
('NOR7025fd5ee125479e','PED22508200a74c4f94','HIS3cf5c2b9daee4510'),
('NOR80efd7e6ed994b8e','PED22508200a74c4f94','HISe7f112b836e34454'),
('NOR75efc14981db4c91','PED22508200a74c4f94','HISb61f166bbabf423b'),
('NOR2e4c0c65ab254ee6','PEDa74319e350514cc4','HIS58b657b343af4e59'),
('NORbde54416400b4cba','PEDa74319e350514cc4','HISe61cc4b5c42845da'),
('NORe9c480c1100e4e71','PEDa74319e350514cc4','HIS733f8c1507664722'),
('NORabffc3628f7b438e','PEDb935ddda24414ee8','HIS89d8ebb58f3a4162'),
('NORe2ccdf3bedad40a9','PEDb935ddda24414ee8','HIS6d89957409104b58'),
('NOR6f346a68ca7a4df2','PEDb935ddda24414ee8','HISdea79c2c64df4396'),
('NOR30e8f12d573f4be7','PEDf22cf1fa7f204612','HIS7b9e8326131f4ee8'),
('NOR7bebe23ed8b444e1','PEDaa1db96a58524834','HISec2e790578c34278'),
('NOR86d4605f8f32487a','PEDaa1db96a58524834','HIS6c5994fbc5134aa0'),
('NORf3a80be8828b4801','PEDaa1db96a58524834','HISceecd862ddda4637'),
('NOR4ce96dc49ef7411b','PED3cdfaaafdd2247b1','HISc88c2e57f725440f'),
('NOR3c547994532d47f7','PED3cdfaaafdd2247b1','HIS6dc823b98b514eb7'),
('NOR887d40c2720f41b0','PED3cdfaaafdd2247b1','HISa3b2a1063aad4edc'),
('NOR04883770fa65400a','PEDb5b478686aab41d4','HIS0862bffdea7f47b6'),
('NORef3ce8471e8c43cc','PED1f3b17274185483b','HISa87794555f6645db'),
('NORea394d19f6364f63','PED1f3b17274185483b','HISf59c3cbd7a9649af'),
('NOReb95007029db45c0','PED1f3b17274185483b','HIS033a0982fcb348ca'),
('NORef8449a81f864994','PED8d1ab7e3d33b4810','HIS82eb1ffb506c45c3'),
('NOR8dd359f821264254','PED8ea0b011dc1a409a','HIS5e9cb7970caa443a'),
('NORffc8d6b96e3a401e','PED8ea0b011dc1a409a','HIS8efe18df6ef34af9'),
('NOR1a88cc254138482b','PEDc970dc1bedeb4636','HIS84bb4718ae9146d2'),
('NOR366b20f22a6d491e','PEDc970dc1bedeb4636','HIS4c4c792219bd47cc'),
('NOR280b7c19427e44c7','PEDc970dc1bedeb4636','HISe497f2116644463a'),
('NORbe8bc75bad304f33','PED8023d4d0847c4bad','HIS401a097e792b4ee0'),
('NOR8e16633beb354c39','PED11dc0fdc75e04a32','HIS803c5335fa564204'),
('NORbf0dcd89e66848b9','PED11dc0fdc75e04a32','HISfdb366c66ee542a1'),
('NORf0d1f3bbac834311','PED0f8386aaa46a4391','HIS809f06d5f7a5492c'),
('NORb076bfd0c2b94984','PED0f8386aaa46a4391','HISff4892283ddf42ec'),
('NOR31db713017354110','PED0f8386aaa46a4391','HIS92d6d776f7b847eb'),
('NOR9cd0f6b97d98487f','PEDc8d49b65f4c7431e','HISc6ee4e12047d4ed5'),
('NOR02fb2edbd4224822','PEDc8d49b65f4c7431e','HIS9949288fee584900'),
('NORee9ae6308db44acc','PEDc8d49b65f4c7431e','HISc7b5bef35b754627'),
('NORbc8577fdff0b49ed','PED15c2d8df6ef64be0','HISc8f1eebaab3f4948'),
('NOR7d8755ad6ff84ee5','PEDf8fab4bbcbb74989','HIS3c0fe99c1dde444a'),
('NOR259e972209a24776','PEDf8fab4bbcbb74989','HISdde265b5cf184ab9'),
('NORc276c4f479e84514','PEDf8fab4bbcbb74989','HIS8e5764f77b734900'),
('NORf1880b001ef74560','PED8655612a418c4297','HIS696dd50f875341d7'),
('NOR967046bb9e424f0c','PED8655612a418c4297','HIS73116cfd8da54d83'),
('NORe1391b782fc346a1','PED8655612a418c4297','HISf55a9f1563364c11'),
('NORdc0ff6ac0f474396','PEDbe0ed7c6de4946ee','HISd5c21e0805464f37'),
('NORa685deef77ba4c1e','PEDbe0ed7c6de4946ee','HIS2bdff48b871649db'),
('NOR9bb2eca91fa74b4e','PEDbe0ed7c6de4946ee','HIS2b47333862ac4616'),
('NOR6b136b11c3ac4cb8','PED9be6b17767ae4a83','HIS2c8bc3bdabd8420d'),
('NORb36b4e2c40ec4351','PEDdd680fcdde3f497c','HIS7b999bc671ae464e'),
('NOR954bfebb3c854dfa','PED0cd69df82c1643a3','HISfa3f9b39368c4c54'),
('NORf9d53e1c73314b40','PEDe0352583575e4a3e','HIS43c5ccf4b12c4dc1'),
('NORce25becfc6f74245','PEDe0352583575e4a3e','HISbf24f723404d4946'),
('NORa96a4a9034b24fdb','PEDe0352583575e4a3e','HIS5a7a65afb56f4d75'),
('NORe4b0db0609b745ee','PEDfa273907bd864fbe','HIS74ab2d0d1c404b6f'),
('NORce1cb57fd05a4876','PEDfa273907bd864fbe','HISb7265474b5414c45'),
('NOR203c7e93dfbc4db7','PEDfa273907bd864fbe','HISa431458aedeb44d1'),
('NOR308812880e0d4cb2','PEDf6b763288427481b','HIS01413c48c5cb4fca'),
('NOR4fdb70053734497c','PED13fc9d0f1e1b4a5d','HIS4aa2e240254d4fa5'),
('NOR59ce172d6f8b4155','PED13fc9d0f1e1b4a5d','HISbc2c9910bf014c28'),
('NOR7e72495fc8184c27','PED13fc9d0f1e1b4a5d','HIS7f28d45d0e89428a'),
('NORbf79ca18bdb141ff','PED52ff6be763eb4449','HIS0b849ff8220b43a2'),
('NORf67fb3032d8c4782','PED52ff6be763eb4449','HIS12c3bcb3ef05431e'),
('NOR5540411528ca4d47','PED52ff6be763eb4449','HIS76601dc25bc44b0b'),
('NOR738ed429124c4890','PED20005f5166fc464c','HIS5226b7f1adda4344'),
('NOR2d71bb7f37c44f15','PED0a6c84146ccc4225','HIS1a5434d9278b49e3'),
('NOR099a7bb8726c4515','PED0a6c84146ccc4225','HIS6b5f21ef69134b09'),
('NOR60c0f8dd6aa94c3a','PED506f212eaa1146f5','HIS2cbde0de33114f8a'),
('NORabf901ec1b3f4f4a','PED506f212eaa1146f5','HISe28f916b594d4ae1'),
('NOR10f66ff2aa094d02','PED70eaabd585bd4730','HIS50c18d63151f4e6c'),
('NOR40d37c8ea58e405a','PED70eaabd585bd4730','HISaf8a5076d07145f5'),
('NORe3a4c1ac2d274823','PED70eaabd585bd4730','HISb5e84c7a918f4839'),
('NORa5de9be52c254c59','PED87a69a64841541f4','HIS574a00d825894a71'),
('NOR9a0fd1a925b3459c','PED87a69a64841541f4','HIS9b66e43f726f46db'),
('NORa4366979c15840d4','PED87a69a64841541f4','HIS01a4d363609d4c85'),
('NOR875d060c05a74898','PED52ddb0ad3ae3434f','HIS73d0f7ce3ba043a6'),
('NORdfce670b93fa4a69','PED52ddb0ad3ae3434f','HIS1e4db7d8c99442d8'),
('NOR18d55951824845ee','PED52ddb0ad3ae3434f','HIS92b94fc1b67c4def'),
('NOR7bf9319c3a534d5d','PEDb5e2d93a28c54721','HIS6ccbd2f2e6a846e7'),
('NOR8d6812527c5c4023','PED02c7d8cace974d3e','HIS9ab64a409e124aef'),
('NOR4a6a260c7df44261','PEDf61a9ea0b1de4cfd','HIS58c695a3448d4420'),
('NOR6dcf1047b82a4f7b','PEDf61a9ea0b1de4cfd','HIS50a0ff60cd8e486e'),
('NORc260293145e34127','PEDf61a9ea0b1de4cfd','HIS0479f00bc4394250'),
('NOR9693049be3f343ea','PED3b035e4de1fe40e4','HISa9c342289c5a4332'),
('NOR06a8dad3b3884b13','PED3b035e4de1fe40e4','HISd4f1ffc574ec444a'),
('NOR11733e4ee08141cc','PED3b035e4de1fe40e4','HISaf65d1d9571f4f9e'),
('NORdb0f17d6f6794181','PED086d0d30c4d44374','HISbe110c7e9b984cbc'),
('NORd52d69c6f04f4edf','PED6f6fd7b819e64436','HISb9106ff0ee1f4f3a'),
('NOR4d8f682df9e544d9','PED85319e465b8145f4','HIS343adb762c674a96'),
('NORf51460875f714844','PED638e70bda219449b','HIS30fb86d572fc4dc3'),
('NOR0df4be7ff24143a8','PEDadee1f9cca5c425a','HISda6306856dbb4767'),
('NOR46cb1235a9444ff8','PEDadee1f9cca5c425a','HISd7e05649c9114bb2'),
('NORdd6ae329a30f43d7','PEDadee1f9cca5c425a','HIS4763da24cb0d4d55'),
('NOR83854221c39d470a','PED8d9c4a4e559e4116','HIS5c85dffd22f647f6'),
('NOR14ce202de5e6463a','PED781d48a7ce7c414e','HISa0983e14ee384dab'),
('NOR64a5e855c38749cd','PED781d48a7ce7c414e','HISc8b2d92149194a1c'),
('NOR0cba48484ec1493e','PED781d48a7ce7c414e','HISf1dae7f6f81f416e'),
('NOR5f4f54651c5e405f','PED18810b0c1fea47e8','HIS20ebe8c14b034a6b'),
('NORf7dcb0dc09fc4a46','PED18810b0c1fea47e8','HIS3ef7ccce6d9b4882'),
('NOR3b7cd6cc0fc54cd8','PED18810b0c1fea47e8','HIS614e629413e9488d'),
('NORc3e0552256054e7e','PED2976fcd8f70e4f59','HIS52f921a13b304229'),
('NORee76ac6129314b6f','PED2976fcd8f70e4f59','HIS19524c9645144162'),
('NORc7a1938db12448cd','PED2976fcd8f70e4f59','HIS2b3e66141f4e4b2c'),
('NOR85ee76699db54a02','PED49c588139bf84817','HIS0083ec96e49044c1'),
('NOR3a34c81e496e4021','PED49c588139bf84817','HIS15aa891bba3f4a52'),
('NOR844b09949a3d4718','PED49c588139bf84817','HIS36303e870cd74143'),
('NOR0512982f106446a5','PED4b7daa5e89c24378','HISfaa0e7d0349048fb'),
('NORe66a0d8c33a0461b','PED4b7daa5e89c24378','HIS3babdd30791845ce'),
('NOR02032de53eea40fb','PED4b7daa5e89c24378','HIS0a404671463548dc'),
('NOR0bebb1d02e5f4089','PEDa07e278856494ffa','HISa9e3a5272c6a47df'),
('NOR3e448e251be142bd','PEDa07e278856494ffa','HIS6deef1cbcda04d46'),
('NORe69b86ac824e4250','PEDa07e278856494ffa','HISc20972f9b1e940e4'),
('NORd4e78404a6464163','PEDb80dcf6fdfe74a58','HISed2428a8985249b3'),
('NOR9c1c3a3fa3624299','PEDb80dcf6fdfe74a58','HISee0ad7f8a06143d5'),
('NOR0fd93ec1c8784902','PEDa2a718bfff3e4d6e','HIS7b478d96d30a4b61'),
('NORd82201b8daf9459f','PEDa2a718bfff3e4d6e','HISf57e15b99f624e2a'),
('NORd278eb2b1e8f4b5b','PEDa2a718bfff3e4d6e','HIS170a00ed3b0742b1'),
('NOReb3f92dbb53f4070','PED8443cb7b45e34356','HIS129e0ac081e74dca'),
('NOR744b068a6ca341ec','PED8443cb7b45e34356','HIS3e8ce2ed88434aef'),
('NORced268ad5d094ed2','PED8443cb7b45e34356','HIS6df331fda03f4e8d'),
('NORde7fa1981f2d4f3c','PED0384543837ff4d2c','HIS7fa1927ff06d4a5f'),
('NOR2f51954e5638435b','PED0384543837ff4d2c','HIS15082e9cb0dd4ba0'),
('NOR55ea23e84868401d','PED0384543837ff4d2c','HIS836281967f894b9d'),
('NOR739cfad328704904','PEDbfbb10ade5b648fc','HIS4f882e8fdc2d46ba'),
('NOR7132b66b6bad4baf','PEDbfbb10ade5b648fc','HIS360f103436b045bd'),
('NOR34961f845faa427d','PEDbfbb10ade5b648fc','HISead0274849bc4866'),
('NOR8d5278790ae84098','PED9b3ea4e12ddf4f9a','HISf0ed5437c90f4323'),
('NOR937996b5086c43b4','PED9b3ea4e12ddf4f9a','HIS317bc557da7a47f9'),
('NOR4404b8404793473b','PED9b3ea4e12ddf4f9a','HIS7a8c90f1e255465b'),
('NOR606dcbb32d5b4fc9','PED8e0e5915ea104631','HIS21ab14536c5640ad'),
('NOR64986a85e88c4ee3','PED8e0e5915ea104631','HIS8784db3ada424ee4'),
('NOR3c3fa51670954a7e','PED26433102fbd64bdb','HIS7bace288583141f0'),
('NOR7f4777d74f334ac8','PED5dfaee00d2b64587','HIS8afa2d56a9a74390'),
('NOR2c9cf922519c4911','PED5dfaee00d2b64587','HIS69365ac6c86643a5'),
('NOR9dd464c8881642b2','PED5dfaee00d2b64587','HIS43dcdfb15fd94c9c'),
('NORfb288e8577144a8b','PEDbbda9a89770945dd','HIS24d6447985784e2e'),
('NORd753a93abb9841d6','PEDbbda9a89770945dd','HISf75154b13ff14a18'),
('NOR981bb48f70794666','PEDbbda9a89770945dd','HIScfc62f9031cf4930'),
('NOR1d57cea99eef4540','PED843f39315be948c5','HIS3302d5e3bbea4446'),
('NOR4276dc16e302486a','PEDcdb243113f0848f6','HIS8f2832e316cd4356'),
('NORb4818c20451f4d75','PEDcdb243113f0848f6','HIS0da1a4f102344647'),
('NOR4ff3d51afdc34c89','PEDc8e4bfeca71343d1','HISc9d4bf1500e24483'),
('NORb02713e23a244e3f','PEDc8e4bfeca71343d1','HISe7f2ce989b094e28'),
('NORf61d2ebd464c44b5','PEDc8e4bfeca71343d1','HISb987009930fe4d78'),
('NOR3f87934fbf5d428d','PED766e5c6de6bc4b4e','HIS96044c98ea4a4b62'),
('NOR6a2d22fb4f774bd7','PED766e5c6de6bc4b4e','HIS7a476fee6911488c'),
('NOR46c8731fcf5f468c','PED766e5c6de6bc4b4e','HIS43d8b0bc744b4b80'),
('NORdcc529ed6a53461e','PED407235157aab422d','HIS825bd9b07a284728'),
('NORc2d1fb96fe92474c','PED407235157aab422d','HIS33edd63260874d71'),
('NORcabcb0ded4d64d64','PED407235157aab422d','HISa3d20da259424483'),
('NOR3769b99dd9fb4079','PED644e48ea9da9493f','HIS514ac5569f50440d'),
('NORbc5925a3d75d4ac7','PED644e48ea9da9493f','HIS4b64085f25f0474a'),
('NOR61073cb909024086','PED644e48ea9da9493f','HISfdac4597c7c2444b'),
('NORc099c59e3886456a','PED79baa376232b40b9','HISe384343ec81a480c'),
('NORec8176c009dd462d','PED79baa376232b40b9','HIS6b15837a06f24312'),
('NORd4c9ce81d11b4c50','PED79baa376232b40b9','HIS310e1388fe8a4031'),
('NOR021a55cdb71449ab','PED0f1367e9b5814f03','HIS0fded07a988241cc'),
('NOR46401cfe3af24d13','PED0f1367e9b5814f03','HISad7ad2023322435c'),
('NOR24cadf61d982461c','PED0f1367e9b5814f03','HIS0626b8d6df4a4d5f'),
('NORd6daeb47a2b2448a','PED967b7c5ce3934081','HIS61cdd02c20bb44e6'),
('NOR804f21fabb77497e','PED1b4bee3527e84c5d','HIS7b91aec413634166'),
('NORa57fa71ea1c84e8c','PED1b4bee3527e84c5d','HIS7e1629c772c6456a'),
('NOReebb1f700ada4747','PED1b4bee3527e84c5d','HISf386b48c0ce54d5f'),
('NOR46e62bc4957c4d37','PED23961c3f1bec4d46','HIS5033c00675c843b8'),
('NOR81256d722368429c','PED23961c3f1bec4d46','HISa535553210114d57'),
('NORf634fa332f894071','PED23961c3f1bec4d46','HIS1ef371c2f08143d6'),
('NOR08de07234d804b30','PED3f3501866e4b4dc5','HIS185071721ae64333'),
('NOR118342c763e247c4','PED3f3501866e4b4dc5','HIS729aef5e852840d8'),
('NOR9a4c1f2fb06344b5','PED3f3501866e4b4dc5','HIS538ec6a0ca6a4f90'),
('NOR2a1e4b6cb0e64415','PEDa07225d8e6a644b9','HIS032b1f1bca514725'),
('NORf221cdff8c9c4459','PEDe4cb45b7503b439e','HISc1f9b7d637394fe4'),
('NORf80a13ff49994e54','PEDe4cb45b7503b439e','HISa91882ad36ea41f6'),
('NOR0af2c98c8e694e00','PEDe4cb45b7503b439e','HIS23c7c5de3f004f9e'),
('NOR418e9abe91cb4ffb','PED50b0a1ff8fc44092','HIS128e0b5b08464e2c'),
('NOR40faaa95f0a94acb','PED50b0a1ff8fc44092','HIS8c5264fd37764165'),
('NOR05cee5ad61284a82','PED50b0a1ff8fc44092','HIS53aa4f02aa1e4700'),
('NOR837f9f4d35bd49eb','PED28bc97592895477b','HIS3e3ac94562404d0d'),
('NOR50a8e8c3760d4681','PED28bc97592895477b','HISd4a266947e9a4b2d'),
('NORccb9ced3a5ae4c1e','PED28bc97592895477b','HIS5597c399a34d4487'),
('NOR5ad1890e4c3b4e81','PED6306f96f5a874383','HIS613e42fa5bf84f25'),
('NORfd3a6e6efd664685','PED6306f96f5a874383','HIS6a56e41b0031493f'),
('NORb3218d9d6fbc48fb','PED6306f96f5a874383','HIS3810b4c7176c4817'),
('NORb3700afaa6c64e2a','PED839236d401d44873','HISab575b27388845bc'),
('NOR1d258c566bdd40ca','PED839236d401d44873','HISb6cd64561a294bc3'),
('NOR5ac62aeb60d94878','PED839236d401d44873','HIS908592f694a74300'),
('NOR69c89004ed0f4bff','PED5666ddc0e4124465','HIS5da61f4320274c49'),
('NOR6475451206f34693','PED5666ddc0e4124465','HISf1763d2b7aa14cee'),
('NORbb164899e2e54322','PED5666ddc0e4124465','HIS9cbd706225d24ef4'),
('NOR15ea3057fb754a22','PED638fb2c694bd4ba1','HIS4e50b97ad6f44d30'),
('NOR57fecca5fe754b74','PED638fb2c694bd4ba1','HIS0e6c65c3c5ca41b9'),
('NOR381576d02ff84c8f','PEDf0a7cf9c96524c9d','HISc1c4bb0e08de4288'),
('NOR7647662e754c4851','PEDf0a7cf9c96524c9d','HIS0f5d2c084d224b23'),
('NORd014f29843d34bb0','PEDf0a7cf9c96524c9d','HISa8769cd4127641a6'),
('NOR5b6046c5f30d4537','PED470e81b745c54b14','HIS438cfface5414747'),
('NOR94f30288b9344b9b','PED470e81b745c54b14','HIS23d52954161547e0'),
('NORca8faefc2def4cb0','PED470e81b745c54b14','HIS993c7700f6ee42bf'),
('NOR19ead93e19b64873','PED1db7e7e0973f4851','HISc3ceb10214ab4515'),
('NORd2faabf16bfd489a','PED20731429b7204c77','HISbd1f5e4b8bc34871'),
('NOR3c02c4c41ac14de0','PED20731429b7204c77','HISc183dd7c7fd74203'),
('NORbfe98b73368a4d3a','PED20731429b7204c77','HISe4a4827b41e24a61'),
('NOR8ff8d1bed50b4456','PED44e13c9386e448ed','HIS409b702466614c49'),
('NOR10aadac4f1c348b9','PEDf51e5d0e74b74f97','HISb5eb047abbdb4529'),
('NOR3cd816827d7c4a05','PEDc29b67c076bc485b','HIS71434db0f1654e3e'),
('NOR2b99fde7016644e8','PEDc29b67c076bc485b','HIS67f61a73c93f4ee9'),
('NORd42bf9e545ba4cf6','PEDc29b67c076bc485b','HIS9c70e2abf93246ea'),
('NORc3c1612719414be1','PED5aad9a4361754be7','HISff9d21bb47e5434d'),
('NORd8d2fdc89fd042d9','PED5aad9a4361754be7','HIS44f30c9869674492'),
('NOR8170a7f669514fe8','PED5aad9a4361754be7','HIS01c2cbe8e44446d9'),
('NOR88e02e21e25f46be','PEDfa48308f0d1349fd','HISe4b3efcc971e471a'),
('NOR3ccd50a7bc5f4722','PED6bf274106789409a','HIS2bed4ed7e48d4b1b'),
('NOR509d8371702146b2','PED6bf274106789409a','HIS6789de0f9a754a6d'),
('NORc67a4fc9436c4547','PED6bf274106789409a','HIS88af3af6dae943e4'),
('NORd6f30bed020b4fbb','PEDfe24e3d633a145c3','HISdb4830e8d6584827'),
('NOR80a6b0996b9743a5','PED221f0749d19f4691','HISdd66c4b6d1d94bbe'),
('NORac546ad92b0e4461','PED676eb67429c6469a','HIS8e2142a583444e39'),
('NORd6df2949d6594372','PED676eb67429c6469a','HISf4bcb92607dc438a'),
('NOR9182551e9b79468a','PED676eb67429c6469a','HIS6183f4a9e81244a2'),
('NORf359349e4ae5455e','PEDa3c7d71e5c8a42c9','HIS60a7ebc3dd794c58'),
('NOR2d601fac157243f0','PEDa3c7d71e5c8a42c9','HIS3b152a9a495445c1'),
('NOR02724d487bf54bce','PEDa3c7d71e5c8a42c9','HISc103ba3e0ec54a9b'),
('NOR73c1dea2abb3461b','PED00fa07791207405c','HISd8696142e8c949f4'),
('NORe365f37ff9bf47d6','PED00fa07791207405c','HISa480ee879e9241eb'),
('NOR8adb0281feba4dfe','PED00fa07791207405c','HIS5abecbd760604753'),
('NOR7107232c240e48d6','PED189ace50e38242d5','HIS553116a1e5a14b94'),
('NOR3ca1a63beec44de5','PED189ace50e38242d5','HIS5c9bfa9618a34f13'),
('NORc2b599d5eef54055','PED189ace50e38242d5','HIS98d87dc4abc045dd'),
('NOR9b40a429e1cf427c','PEDd9471b2acb584906','HIS3b16987b15574044'),
('NORf7ed8f24192643f9','PED66c6e0ee500d436c','HIS74a384c76f634a24'),
('NOR048254f9ff764157','PED66c6e0ee500d436c','HIS3be66e5f8756499b'),
('NOR1a58b067885446c4','PED6cc5c5027f874030','HIS4db765e61f4d4755'),
('NORaac69d85c6cc4e23','PED6cc5c5027f874030','HISc2dbc33453eb45d2'),
('NORad43366a334343ae','PED6cc5c5027f874030','HIS404b3fb3c7fc42de'),
('NOR3567479b47304803','PED579b9bf6298e4048','HISbaba065c8a594da3'),
('NOR3da11d74bfa144a9','PED579b9bf6298e4048','HIS2a23090e2b4c4d69'),
('NORe06284edd7164543','PED579b9bf6298e4048','HISa838048a554d454d'),
('NOR9c5f497995014964','PEDe0bf64d027fa4895','HISb441b65774e44e48'),
('NOR69ff721f01034749','PED2b1df29eb95946ba','HIS3b1d0e19f958469b'),
('NOR3cc832bbbad0409b','PED2b1df29eb95946ba','HIS4018df2ff3934b9a'),
('NORa47c37e265a64429','PED2b1df29eb95946ba','HIS8b1479de018e46bb'),
('NOR54f2800ccf2244c6','PEDc531f8d166c641f9','HIS180ce943fb4b4c52'),
('NOR30bd4db005f847a8','PEDc531f8d166c641f9','HISfec8ba8111114618'),
('NOR8a66fa109b6f43f3','PEDc531f8d166c641f9','HIS368c944893eb4141'),
('NORc79e313b94cd42a1','PED07a0fb34bc354f39','HIS3c475585de4f4131'),
('NOR27503d7356f5480c','PEDf53994202b8544a8','HIS83732eccc8714372'),
('NOR83c1cd603d164595','PEDf53994202b8544a8','HISe5b28fd0af0b486e'),
('NOR1641aa8f1f3f4640','PEDf53994202b8544a8','HIS5b5254a44ea14a98'),
('NORa910e150f7c64ca0','PED456a57d7ef004b80','HIS91b92f8f6aa243e9'),
('NORa852a8e202874b9f','PED456a57d7ef004b80','HIS80d0fe9891de4273'),
('NOR281b0a2c2d294aa9','PED456a57d7ef004b80','HIS840f740e21264a64'),
('NOR95f86ac83d5143a5','PED44f65075255d4fae','HIS83bf723f88b74242'),
('NORce82000b2f934ea3','PED44f65075255d4fae','HIS4713b65aacc94b4a'),
('NOR21d68360d6fa4453','PED44f65075255d4fae','HIS14d00c82028e4c8d'),
('NOR0561b39ec20d4272','PED87908b8bab2b408a','HIS7a26c6ce49124054'),
('NORf55e7f3a7b97491b','PED87908b8bab2b408a','HIS63d93cb9d77b465b'),
('NOR32a9666b1cd34825','PED87908b8bab2b408a','HISe7fc9bf707634fd9'),
('NOR2d71424d99f44ea6','PED44bd32f59fc54088','HIS1990451afeef466b'),
('NORa3653789633b48c2','PEDcec3b95714bd48d2','HIS1692905e0f3e4053'),
('NOR89baf8064d794212','PED6a59b18599de4aff','HIS7b659ac89453413d'),
('NORaa495ff691244661','PED4f0d8e8fcef74173','HIS6a00885399ab472f'),
('NOR2b189b887e344403','PED4f0d8e8fcef74173','HISc156e071e58246e4'),
('NORb4f168cea990490e','PED4f0d8e8fcef74173','HISb16ca2c41d854706'),
('NORd5d32ef4adf148d3','PED9346f3aacfe6487a','HIS4b213431cd7e4384'),
('NORcacfd1d74b204095','PED9346f3aacfe6487a','HISe8f980ecf8924036'),
('NORd320b41593034d10','PED9346f3aacfe6487a','HISd7461eae83064bcb'),
('NORcf437282a4ea49e9','PED45ea9fb4ab2744e7','HIS211c571798fa4937'),
('NOR57a524f4947447b6','PED45ea9fb4ab2744e7','HISa7d1dabba10e497b'),
('NOR5837f7d305da4d83','PED45ea9fb4ab2744e7','HIS7a4b99ba1daa4279'),
('NOR4f0c02193a1b4e1d','PED2b4c61f624944553','HIS1323f65cb9a6417f'),
('NORe65d66dee6494795','PED2b4c61f624944553','HIS1e796c66f48145e9'),
('NOR606cb04a12184455','PED2b4c61f624944553','HISe5f061e6e54a468a'),
('NOR9b163f1b750a445e','PEDcbab81dcf5114530','HIS088adfede2c64d33'),
('NOR744fa526506f47c2','PEDcdab5cc60f704d60','HIS6adacdf4ab46470e'),
('NOR7ddce04a539644db','PEDcdab5cc60f704d60','HISd996eeee6ae543b8'),
('NORc603a7054b564ace','PEDfa3abceec3bd43bf','HIS2db3563e537446d0'),
('NORad37e55f0e4744b4','PEDfa3abceec3bd43bf','HISbba61642ae5c4dfd'),
('NOR6ab129efb4b24630','PEDfa3abceec3bd43bf','HISd48a402be2d44c81'),
('NORd2d1538f36bf40c7','PED2403e59d8dec44a8','HIS73dbb60929224806'),
('NORd64fc213e13b4f1f','PED2403e59d8dec44a8','HIS9e88bcc512104043'),
('NORe90be5038fbe446f','PED2403e59d8dec44a8','HIS3ae5fb2f22b147d9'),
('NOR43cd526651a64db1','PEDbd910d447dd341d4','HIS0ad4dc09a69243d2'),
('NORcf5f8f24f7684565','PED54c556e880714f84','HIS089c70bc978840bf'),
('NOR9903d728e2fe4a35','PED54c556e880714f84','HIS500560907b9249ba'),
('NORbf5e7b619e7f41ab','PED3f5c6a3c1769444e','HIS1f34649761f24f0a'),
('NORa645a974b39545b3','PED3f5c6a3c1769444e','HIS33265cfa2b84488c'),
('NOR1cf53437576249af','PED3f5c6a3c1769444e','HIS680fc77555824896'),
('NOR61e6f567be834418','PED69befc3d495a4d5e','HIS6a221f2ba5064935'),
('NOR72148359ad244059','PED69befc3d495a4d5e','HISb4599e20d0f848b4'),
('NOR5291967cc8dd4686','PED69befc3d495a4d5e','HISf557341bf8c245e5'),
('NOR3bb0e49822fe44d6','PEDf296cfa233624f15','HIS544bf3e0b5e6417e');

-- ============================================================
-- 12. CAMION
-- ============================================================
INSERT INTO CAMION (id_camion,placa,marca,modelo,capacidad_kg,estado,kilometraje) VALUES
('CAM42328aa0ee3a49c7','WRY-456','Kenworth','T800',30000.0,'disponible',145320),
('CAMefcbe1958ac14314','ZGT-789','International','9900i',28000.0,'en_ruta',232450),
('CAM98ddfcab1a3f421f','PLC-321','Freightliner','Cascadia',32000.0,'disponible',89320),
('CAMd135c49efae84f07','TBM-654','Volvo','FH 540',29000.0,'mantenimiento',198760),
('CAMed671e4f891b4a7b','HNR-987','Mercedes-Benz','Actros 2653',31000.0,'disponible',67240),
('CAMa8699d54c9474f9c','KLM-147','Scania','R 500',27500.0,'en_ruta',312890),
('CAM520fa6efeb5f450c','OPQ-258','Mack','Anthem',33000.0,'disponible',45670),
('CAM0646cb792a4f44d6','STU-369','DAF','XF 480',28500.0,'fuera_de_servicio',421300),
('CAMaa5124e5403d4641','VWX-741','Man','TGX 26.460',30500.0,'disponible',156890),
('CAM47faa95f7c244e38','YZA-852','Iveco','Stralis AS',26000.0,'mantenimiento',287540);

-- ============================================================
-- 13. CONDUCTOR
-- ============================================================
INSERT INTO CONDUCTOR (id_conductor,nombre,apellido,cedula,telefono,licencia,fecha_vencimiento_licencia) VALUES
('CON68a09539ee06438e','Héctor','Bermúdez Ramos','10234567','3501234567','C1-98765432','2026-08-15'),
('CONfb7f544666984f68','Luis Armando','Prado García','10345678','3512345678','C1-87654321','2025-11-30'),
('CON1f0e787d6eac4faf','Jairo','Castaño Muñoz','10456789','3523456789','C1-76543210','2027-03-22'),
('CON4cb3d23fe91447bb','Orlando','Salinas Peña','10567890','3534567890','C1-65432109','2026-05-18'),
('CONced3ae0e42cc40a6','Rafael','Gutiérrez Ospina','10678901','3545678901','C1-54321098','2025-09-10'),
('CONa943756f8b684c21','Germán','Acosta Mena','10789012','3556789012','C1-43210987','2027-07-25'),
('CON08561ffeb66f4a13','Fernando','Jiménez Cano','10890123','3567890123','C1-32109876','2026-12-01'),
('CON291f7653ad794e57','Álvaro','Morales Ríos','10901234','3578901234','C1-21098765','2025-06-14'),
('CON9194103a3e19499e','Eduardo','Vargas Suárez','11012345','3589012345','C1-10987654','2027-01-30'),
('CON1cee4f764b37498e','Carlos','Henao Valencia','11123456','3590123456','C1-09876543','2026-04-11');

-- ============================================================
-- 14. CAMION_CONDUCTOR
-- ============================================================
INSERT INTO CAMION_CONDUCTOR (id_camion_conductor,id_camion,id_conductor,fecha_inicio,fecha_fin) VALUES
('CC551b7d9a859943dc','CAM42328aa0ee3a49c7','CON68a09539ee06438e','2023-04-06','2025-02-13'),
('CC0e0c76317ffb4807','CAMefcbe1958ac14314','CONfb7f544666984f68','2023-06-23','2024-03-26'),
('CCefa0ce315da5486f','CAM98ddfcab1a3f421f','CON1f0e787d6eac4faf','2023-03-02',NULL),
('CC0b3f50c5cc254028','CAMd135c49efae84f07','CON4cb3d23fe91447bb','2023-01-25','2024-06-30'),
('CC644950213a164c71','CAMed671e4f891b4a7b','CONced3ae0e42cc40a6','2023-04-14','2024-02-11'),
('CC7c9ffb90e3664588','CAMa8699d54c9474f9c','CONa943756f8b684c21','2023-02-24','2023-09-03'),
('CC0e50ac4132db43a0','CAM520fa6efeb5f450c','CON08561ffeb66f4a13','2023-06-13','2024-02-03'),
('CC42872a29cea64967','CAM0646cb792a4f44d6','CON291f7653ad794e57','2023-01-11','2023-12-10'),
('CCa7580111e3a54a1f','CAMaa5124e5403d4641','CON9194103a3e19499e','2023-06-08',NULL),
('CCcb11bc68922b45c1','CAM47faa95f7c244e38','CON1cee4f764b37498e','2023-06-13','2025-03-10');

-- ============================================================
-- 15. ENVIOS
-- ============================================================
INSERT INTO ENVIOS (id_envio,id_pedido_confirmado,direccion_origen,direccion_destino,fecha_envio,fecha_entrega_estimada,estado_envio,tipo_envio) VALUES
('ENVaa17f5d4983749fd','CNF26f676bcb2d945b5','Planta Manuelita S.A. - Palmira, Valle del Cauca','Cartagena Bolívar','2023-09-11','2023-09-13','en_camino','nacional'),
('ENVbca6117a6fa74c98','CNFb0193dfb58b44eb5','Planta Manuelita S.A. - Palmira, Valle del Cauca','Bogotá DC','2024-05-13','2024-05-17','en_camino','nacional'),
('ENVb655398c535243b1','CNFb9f35f2a94e94ddb','Planta Manuelita S.A. - Palmira, Valle del Cauca','Cali Valle del Cauca','2023-06-06','2023-06-10','entregado','nacional'),
('ENVb11237de444e4189','CNF30907d9069be48f2','Planta Manuelita S.A. - Palmira, Valle del Cauca','Barranquilla Atlántico','2023-11-16','2023-11-20','entregado','nacional'),
('ENV37b0d9a3d4374e05','CNFbcd5a769dd8b41b4','Planta Manuelita S.A. - Palmira, Valle del Cauca','Cartagena Bolívar','2023-11-15','2023-11-17','entregado','nacional'),
('ENV8624cae4ce7141a5','CNF6b3c2cc151c94cda','Planta Manuelita S.A. - Palmira, Valle del Cauca','Cartagena Bolívar','2024-04-19','2024-04-20','entregado','nacional'),
('ENV1815e3e8650e4613','CNF2bfa5625a7d044f4','Planta Manuelita S.A. - Palmira, Valle del Cauca','Bogotá DC','2023-10-14','2023-10-17','en_camino','nacional'),
('ENVc4247e1ded574202','CNF0fb92bb104034769','Planta Manuelita S.A. - Palmira, Valle del Cauca','Bogotá DC','2024-07-20','2024-07-25','entregado','nacional'),
('ENV60ee70e0e9644da7','CNFcd51cb3bb4444878','Planta Manuelita S.A. - Palmira, Valle del Cauca','Medellín Antioquia','2024-12-07','2024-12-09','entregado','nacional'),
('ENV6472c0d6ae044523','CNF67f94d61bae440ff','Planta Manuelita S.A. - Palmira, Valle del Cauca','Bucaramanga Santander','2023-02-05','2023-02-10','en_camino','internacional'),
('ENV577c1c5f46404f7f','CNFeadcef9900cb4ca1','Planta Manuelita S.A. - Palmira, Valle del Cauca','Barranquilla Atlántico','2023-12-25','2023-12-28','entregado','nacional'),
('ENV8b63bd86fa7b40a0','CNFe3e714bb09f44689','Planta Manuelita S.A. - Palmira, Valle del Cauca','Cali Valle del Cauca','2023-01-29','2023-02-03','entregado','nacional'),
('ENVd90235a5dcbe4361','CNFd6ed2c17fa72492b','Planta Manuelita S.A. - Palmira, Valle del Cauca','Bucaramanga Santander','2024-05-27','2024-05-30','entregado','nacional'),
('ENVaccd63419f62404b','CNF4020b3ce84314ddc','Planta Manuelita S.A. - Palmira, Valle del Cauca','Bogotá DC','2024-12-12','2024-12-13','en_camino','nacional'),
('ENVf5623d25f9244179','CNFb26c21c81c6a4a0d','Planta Manuelita S.A. - Palmira, Valle del Cauca','Pereira Risaralda','2024-05-27','2024-06-02','en_camino','nacional'),
('ENV78a2b6b71a324bf2','CNF4f97d0be649c4cba','Planta Manuelita S.A. - Palmira, Valle del Cauca','Medellín Antioquia','2024-10-07','2024-10-09','en_camino','internacional'),
('ENV9ae2a60cb44e47b4','CNFb8fe74a3cf0d43fe','Planta Manuelita S.A. - Palmira, Valle del Cauca','Manizales Caldas','2023-12-19','2023-12-21','en_camino','nacional'),
('ENVa7523b7a3ad74fdf','CNF1fa3a873c06a492f','Planta Manuelita S.A. - Palmira, Valle del Cauca','Bucaramanga Santander','2024-12-26','2024-12-28','en_camino','internacional'),
('ENV23d9385407634f89','CNF09033b848b2a4800','Planta Manuelita S.A. - Palmira, Valle del Cauca','Barranquilla Atlántico','2023-10-07','2023-10-10','entregado','nacional'),
('ENVb61d0d660c354604','CNF7eb23f1e40ed4b14','Planta Manuelita S.A. - Palmira, Valle del Cauca','Cartagena Bolívar','2024-10-09','2024-10-15','entregado','nacional'),
('ENVe4c5a47df6c84960','CNF73d072e85c9b44cd','Planta Manuelita S.A. - Palmira, Valle del Cauca','Cartagena Bolívar','2023-02-23','2023-02-25','en_camino','nacional'),
('ENV0851f630242b40f4','CNF8f17030947f04948','Planta Manuelita S.A. - Palmira, Valle del Cauca','Barranquilla Atlántico','2024-07-30','2024-08-04','entregado','internacional'),
('ENV45e234c2c74e4813','CNFebe8ce1bce864518','Planta Manuelita S.A. - Palmira, Valle del Cauca','Barranquilla Atlántico','2023-02-03','2023-02-07','entregado','nacional'),
('ENV49ee1eaa40714f00','CNFfc766de738b4486e','Planta Manuelita S.A. - Palmira, Valle del Cauca','Cali Valle del Cauca','2023-02-22','2023-03-01','entregado','nacional'),
('ENV5adc24eb2fba4299','CNF0c650c3a133f49a8','Planta Manuelita S.A. - Palmira, Valle del Cauca','Medellín Antioquia','2023-06-20','2023-06-23','entregado','nacional'),
('ENV72fbcfc6a4fe4a3e','CNF9550ab4bd3804efc','Planta Manuelita S.A. - Palmira, Valle del Cauca','Pereira Risaralda','2024-06-26','2024-07-02','en_camino','nacional'),
('ENVbc0beb31cdba4586','CNFb2089aa0636e410f','Planta Manuelita S.A. - Palmira, Valle del Cauca','Bucaramanga Santander','2024-11-20','2024-11-26','entregado','internacional'),
('ENV52ea94ebb51a4639','CNF616f61ee7c1b453a','Planta Manuelita S.A. - Palmira, Valle del Cauca','Bucaramanga Santander','2024-01-31','2024-02-07','entregado','internacional'),
('ENVc5530bb93c424ef9','CNF68795a8961914074','Planta Manuelita S.A. - Palmira, Valle del Cauca','Manizales Caldas','2023-03-18','2023-03-21','entregado','nacional'),
('ENVdd636683b5714c5a','CNF451dea1d0c014e84','Planta Manuelita S.A. - Palmira, Valle del Cauca','Cali Valle del Cauca','2024-04-03','2024-04-09','entregado','nacional'),
('ENV5623498461e442a8','CNF9d73ae85c7a341d0','Planta Manuelita S.A. - Palmira, Valle del Cauca','Bogotá DC','2023-05-11','2023-05-13','entregado','nacional'),
('ENV7f931decdce14175','CNFf664367719064413','Planta Manuelita S.A. - Palmira, Valle del Cauca','Barranquilla Atlántico','2024-11-21','2024-11-23','entregado','nacional'),
('ENV12b4b5ceb3304d81','CNFa2a6e70b2cb14727','Planta Manuelita S.A. - Palmira, Valle del Cauca','Pereira Risaralda','2024-10-15','2024-10-22','en_camino','nacional'),
('ENV77336747afc24cb7','CNF6da188b59dfe4109','Planta Manuelita S.A. - Palmira, Valle del Cauca','Cartagena Bolívar','2023-11-12','2023-11-19','en_camino','nacional'),
('ENV2bdc64cbb61845ff','CNFa47719161a8d4b56','Planta Manuelita S.A. - Palmira, Valle del Cauca','Manizales Caldas','2023-04-12','2023-04-17','en_camino','nacional'),
('ENV9cfa77c1043546aa','CNFaa1f09a9018c46cf','Planta Manuelita S.A. - Palmira, Valle del Cauca','Cartagena Bolívar','2023-04-23','2023-04-29','en_camino','nacional'),
('ENV9fa83bb00fdc4b49','CNF26aedc9838a0455a','Planta Manuelita S.A. - Palmira, Valle del Cauca','Bucaramanga Santander','2024-08-19','2024-08-22','entregado','nacional'),
('ENV23ca0d6b7d0d49df','CNF8fd25758d661434e','Planta Manuelita S.A. - Palmira, Valle del Cauca','Bogotá DC','2023-11-30','2023-12-03','entregado','nacional'),
('ENV7d7c237abb4841b0','CNFaf3c4620627e4f3d','Planta Manuelita S.A. - Palmira, Valle del Cauca','Medellín Antioquia','2024-07-24','2024-07-25','entregado','nacional'),
('ENVfb82bae36d334d22','CNF538ce595f1c34a36','Planta Manuelita S.A. - Palmira, Valle del Cauca','Manizales Caldas','2023-06-09','2023-06-13','en_camino','nacional'),
('ENV4cb211ea7fb44f99','CNF7b3f9f2f77e14afd','Planta Manuelita S.A. - Palmira, Valle del Cauca','Pereira Risaralda','2024-05-29','2024-06-02','entregado','nacional'),
('ENV2bf6cd1a878d4bf8','CNFca5d45f2dba94b1a','Planta Manuelita S.A. - Palmira, Valle del Cauca','Manizales Caldas','2023-06-01','2023-06-02','en_camino','nacional'),
('ENVf8891cede7854817','CNF574c6297f64147e8','Planta Manuelita S.A. - Palmira, Valle del Cauca','Cali Valle del Cauca','2024-10-08','2024-10-14','entregado','nacional'),
('ENVc176bc34141a46c3','CNFd009482cdc8a4ced','Planta Manuelita S.A. - Palmira, Valle del Cauca','Pereira Risaralda','2023-04-24','2023-05-01','entregado','nacional'),
('ENVcef3fb17d8d2455e','CNF2bcd5a3afb5045f5','Planta Manuelita S.A. - Palmira, Valle del Cauca','Cali Valle del Cauca','2024-05-20','2024-05-22','entregado','nacional'),
('ENVbc041b6b7dab44f0','CNF6df598d55a5b4b86','Planta Manuelita S.A. - Palmira, Valle del Cauca','Manizales Caldas','2023-10-20','2023-10-26','entregado','nacional'),
('ENVad65259a6b2d4ee2','CNF264bd551e6444f1b','Planta Manuelita S.A. - Palmira, Valle del Cauca','Bogotá DC','2024-12-12','2024-12-14','entregado','internacional'),
('ENV60f0d3ac44b34a10','CNF6166762240f94c22','Planta Manuelita S.A. - Palmira, Valle del Cauca','Manizales Caldas','2023-04-14','2023-04-19','entregado','nacional'),
('ENV700a1ba736344312','CNFe264e8602c784181','Planta Manuelita S.A. - Palmira, Valle del Cauca','Medellín Antioquia','2023-12-28','2024-01-01','en_camino','nacional'),
('ENV2f0f92594b0c412e','CNFd6388f7df1714418','Planta Manuelita S.A. - Palmira, Valle del Cauca','Barranquilla Atlántico','2024-04-07','2024-04-12','entregado','nacional'),
('ENV63c7ae7723e14fed','CNF3907839318494f8f','Planta Manuelita S.A. - Palmira, Valle del Cauca','Cali Valle del Cauca','2024-07-18','2024-07-24','en_camino','nacional'),
('ENV2f691acdc2eb4b02','CNFa14c9e1899854e2c','Planta Manuelita S.A. - Palmira, Valle del Cauca','Bogotá DC','2023-07-19','2023-07-22','entregado','internacional'),
('ENV9e6fb8ddb1cd4658','CNF6ddeef0b75834632','Planta Manuelita S.A. - Palmira, Valle del Cauca','Pereira Risaralda','2023-06-26','2023-06-30','en_camino','nacional'),
('ENVd3d96ac9e2364b45','CNF94948cf1b245404b','Planta Manuelita S.A. - Palmira, Valle del Cauca','Cartagena Bolívar','2023-01-18','2023-01-21','entregado','nacional'),
('ENV4acb394f586749e8','CNFb86bd978ff0a46d1','Planta Manuelita S.A. - Palmira, Valle del Cauca','Medellín Antioquia','2024-03-22','2024-03-25','entregado','nacional'),
('ENVbc979045c1f940da','CNFf7b9a3c7fcf1466e','Planta Manuelita S.A. - Palmira, Valle del Cauca','Barranquilla Atlántico','2024-07-03','2024-07-08','entregado','nacional'),
('ENV406fd8ab68154d6f','CNFaf116cd20faf4656','Planta Manuelita S.A. - Palmira, Valle del Cauca','Bucaramanga Santander','2023-06-04','2023-06-08','entregado','nacional'),
('ENV0d0c4d432edd4f5e','CNFea188e12b1c7406c','Planta Manuelita S.A. - Palmira, Valle del Cauca','Pereira Risaralda','2024-05-23','2024-05-26','entregado','nacional'),
('ENV2b2328129a794ad8','CNFe0190baacc7248ff','Planta Manuelita S.A. - Palmira, Valle del Cauca','Manizales Caldas','2024-01-03','2024-01-08','entregado','nacional'),
('ENVce11c25fd4af4385','CNF6691a3de828848aa','Planta Manuelita S.A. - Palmira, Valle del Cauca','Barranquilla Atlántico','2024-10-07','2024-10-13','en_camino','nacional'),
('ENVaa62c8d5e34b4987','CNF74f13d5517454e9a','Planta Manuelita S.A. - Palmira, Valle del Cauca','Barranquilla Atlántico','2023-04-01','2023-04-07','entregado','nacional'),
('ENV83e017ec8ec54104','CNF6b905dc0c1de40b8','Planta Manuelita S.A. - Palmira, Valle del Cauca','Barranquilla Atlántico','2023-02-22','2023-02-25','en_camino','nacional'),
('ENVbefc5e4038224e89','CNFc96564f322574d1a','Planta Manuelita S.A. - Palmira, Valle del Cauca','Bucaramanga Santander','2023-09-14','2023-09-17','entregado','nacional'),
('ENVdcd08b3b18d64a35','CNFc2b17ad4499b4a14','Planta Manuelita S.A. - Palmira, Valle del Cauca','Pereira Risaralda','2024-06-28','2024-07-05','entregado','nacional'),
('ENVf65f6fa6cb9448cd','CNF63275439be4f4afd','Planta Manuelita S.A. - Palmira, Valle del Cauca','Pereira Risaralda','2023-07-07','2023-07-14','entregado','nacional'),
('ENV23dfece64da74945','CNF988d275a16c743c6','Planta Manuelita S.A. - Palmira, Valle del Cauca','Cali Valle del Cauca','2023-10-14','2023-10-21','entregado','nacional'),
('ENVa96fe4905bda43ca','CNF509cc46897274200','Planta Manuelita S.A. - Palmira, Valle del Cauca','Pereira Risaralda','2024-12-09','2024-12-16','entregado','nacional'),
('ENV661f8cda9ba34628','CNF5291903e353648aa','Planta Manuelita S.A. - Palmira, Valle del Cauca','Pereira Risaralda','2023-12-31','2024-01-07','entregado','nacional'),
('ENVee6243f87a314ce5','CNF6826d2ee76c748e0','Planta Manuelita S.A. - Palmira, Valle del Cauca','Pereira Risaralda','2023-06-26','2023-07-01','entregado','nacional'),
('ENV5438ec3855e54425','CNF25781a3010b54c33','Planta Manuelita S.A. - Palmira, Valle del Cauca','Cali Valle del Cauca','2024-04-05','2024-04-08','entregado','internacional'),
('ENV54d2de0072164acc','CNF54330c7c7c4c4d56','Planta Manuelita S.A. - Palmira, Valle del Cauca','Bogotá DC','2023-06-09','2023-06-15','entregado','nacional'),
('ENV9faa3e580f2249f0','CNF20af85d868834858','Planta Manuelita S.A. - Palmira, Valle del Cauca','Bucaramanga Santander','2023-02-23','2023-02-25','en_camino','nacional'),
('ENVa49f95f2a3314be0','CNF560aa0b416164561','Planta Manuelita S.A. - Palmira, Valle del Cauca','Bogotá DC','2024-05-04','2024-05-05','en_camino','nacional'),
('ENVf9929642fee84f3e','CNFde3de7de861d4aa6','Planta Manuelita S.A. - Palmira, Valle del Cauca','Cali Valle del Cauca','2024-04-17','2024-04-24','entregado','nacional'),
('ENV6807cae550e14498','CNF03fb11e3a23748a7','Planta Manuelita S.A. - Palmira, Valle del Cauca','Medellín Antioquia','2023-11-28','2023-12-05','entregado','nacional'),
('ENV93bb78b28fd4427a','CNF83c6d334730f47fe','Planta Manuelita S.A. - Palmira, Valle del Cauca','Cartagena Bolívar','2023-04-19','2023-04-25','entregado','nacional'),
('ENVfef4160c845045f2','CNF96da7b6c7f1c4420','Planta Manuelita S.A. - Palmira, Valle del Cauca','Medellín Antioquia','2023-05-02','2023-05-03','entregado','nacional'),
('ENV037e79e05cb341c8','CNFb9f2e1e1082d45a4','Planta Manuelita S.A. - Palmira, Valle del Cauca','Bucaramanga Santander','2024-05-13','2024-05-18','entregado','nacional'),
('ENV8bb5f25a12764c0a','CNFcd4b666925134fdc','Planta Manuelita S.A. - Palmira, Valle del Cauca','Pereira Risaralda','2024-05-02','2024-05-08','entregado','nacional'),
('ENVe39624e81ca54b99','CNFf697cd0d6fc0421e','Planta Manuelita S.A. - Palmira, Valle del Cauca','Manizales Caldas','2025-01-03','2025-01-08','entregado','nacional'),
('ENV5e12ed0836f64ab6','CNF34396282affd449a','Planta Manuelita S.A. - Palmira, Valle del Cauca','Medellín Antioquia','2023-01-27','2023-01-30','entregado','nacional'),
('ENVbc81d75ca18f4996','CNFa4c9102924a14293','Planta Manuelita S.A. - Palmira, Valle del Cauca','Bucaramanga Santander','2024-10-10','2024-10-13','entregado','nacional'),
('ENV938087ec178b4d74','CNF2672bc344a2f4304','Planta Manuelita S.A. - Palmira, Valle del Cauca','Pereira Risaralda','2023-04-08','2023-04-11','entregado','nacional'),
('ENV0aa4627fe35445b4','CNF72c78143e86d4a14','Planta Manuelita S.A. - Palmira, Valle del Cauca','Bogotá DC','2024-10-23','2024-10-24','entregado','nacional'),
('ENVe3b775b163e1467c','CNF246d87b25e4d468e','Planta Manuelita S.A. - Palmira, Valle del Cauca','Manizales Caldas','2024-04-24','2024-04-28','entregado','nacional'),
('ENVad1211a6682e476b','CNF84f395bf353849e1','Planta Manuelita S.A. - Palmira, Valle del Cauca','Medellín Antioquia','2023-11-05','2023-11-12','en_camino','nacional'),
('ENV35a9f2169762412a','CNFa3a1d2a9724f4712','Planta Manuelita S.A. - Palmira, Valle del Cauca','Manizales Caldas','2023-04-18','2023-04-25','entregado','nacional'),
('ENV62e4b87a9ccf444a','CNF4a0e3af3bc284bd2','Planta Manuelita S.A. - Palmira, Valle del Cauca','Barranquilla Atlántico','2024-08-08','2024-08-12','entregado','nacional'),
('ENVc5e69fd84c8644a9','CNF79e83d2aa25443e0','Planta Manuelita S.A. - Palmira, Valle del Cauca','Pereira Risaralda','2024-04-23','2024-04-27','entregado','nacional'),
('ENV7fbfc15158064f70','CNF5fc5ee769cab498b','Planta Manuelita S.A. - Palmira, Valle del Cauca','Pereira Risaralda','2024-04-08','2024-04-09','entregado','nacional'),
('ENV39f6a6f9620342c5','CNF29dc702275a64d90','Planta Manuelita S.A. - Palmira, Valle del Cauca','Cali Valle del Cauca','2023-04-17','2023-04-20','entregado','nacional'),
('ENV8259c3dfda474ecc','CNFa9c19610c91349d0','Planta Manuelita S.A. - Palmira, Valle del Cauca','Medellín Antioquia','2024-02-27','2024-03-01','en_camino','nacional'),
('ENV60b185bbd5a74416','CNF104152131bec499b','Planta Manuelita S.A. - Palmira, Valle del Cauca','Barranquilla Atlántico','2023-06-11','2023-06-16','entregado','nacional'),
('ENV1ec920a6533640e8','CNF9c51892300864379','Planta Manuelita S.A. - Palmira, Valle del Cauca','Cartagena Bolívar','2024-09-20','2024-09-21','entregado','nacional'),
('ENV794fa448e39f4bcd','CNF93875fa6446845e6','Planta Manuelita S.A. - Palmira, Valle del Cauca','Cali Valle del Cauca','2024-12-30','2025-01-04','en_camino','nacional'),
('ENVbb49cbbba3a84855','CNF8e9c6fd7d27649f9','Planta Manuelita S.A. - Palmira, Valle del Cauca','Manizales Caldas','2023-10-07','2023-10-08','entregado','nacional'),
('ENV133dd27610cd481e','CNF78e7b0a0adc343f3','Planta Manuelita S.A. - Palmira, Valle del Cauca','Cartagena Bolívar','2024-10-24','2024-10-26','entregado','nacional'),
('ENVa5d8ff0a4ace45fa','CNFee28ae7e414c4fe1','Planta Manuelita S.A. - Palmira, Valle del Cauca','Bogotá DC','2023-08-16','2023-08-19','entregado','nacional'),
('ENV4ea6bd51e6be4a74','CNFd0de605d79ca49e0','Planta Manuelita S.A. - Palmira, Valle del Cauca','Bogotá DC','2023-06-20','2023-06-25','entregado','internacional'),
('ENV593c64ba1bae4a91','CNF9786d753e5ca4a99','Planta Manuelita S.A. - Palmira, Valle del Cauca','Barranquilla Atlántico','2023-11-17','2023-11-22','entregado','nacional'),
('ENVcfd2208a72294125','CNF5e1e0c53f5ac4ad2','Planta Manuelita S.A. - Palmira, Valle del Cauca','Bucaramanga Santander','2024-01-07','2024-01-12','entregado','nacional'),
('ENV19e9e30d386c41c4','CNFa6910180b5d44132','Planta Manuelita S.A. - Palmira, Valle del Cauca','Cartagena Bolívar','2024-09-07','2024-09-12','entregado','nacional'),
('ENV783973ad4d3945b8','CNF9455a39579f8473a','Planta Manuelita S.A. - Palmira, Valle del Cauca','Bogotá DC','2023-06-26','2023-07-01','entregado','internacional'),
('ENVde0adbcad1464161','CNFeafc8ea7cf8442a6','Planta Manuelita S.A. - Palmira, Valle del Cauca','Cartagena Bolívar','2024-10-03','2024-10-05','entregado','nacional'),
('ENV8ee1f71e683b41fe','CNF6f20873b0b9a452a','Planta Manuelita S.A. - Palmira, Valle del Cauca','Barranquilla Atlántico','2023-11-27','2023-12-01','entregado','nacional'),
('ENV20c22815ebc1497f','CNF171c1de81ff74384','Planta Manuelita S.A. - Palmira, Valle del Cauca','Pereira Risaralda','2023-05-30','2023-06-04','entregado','nacional'),
('ENV3f7dc39ddd0b4413','CNF611753ea729244b8','Planta Manuelita S.A. - Palmira, Valle del Cauca','Bogotá DC','2023-06-18','2023-06-20','entregado','nacional'),
('ENV3d0254bcea144c51','CNF542948d09e474fc2','Planta Manuelita S.A. - Palmira, Valle del Cauca','Cartagena Bolívar','2024-07-04','2024-07-06','entregado','nacional'),
('ENVe602d01fcc10499c','CNF9e48b7861e004629','Planta Manuelita S.A. - Palmira, Valle del Cauca','Cartagena Bolívar','2024-06-22','2024-06-27','entregado','nacional'),
('ENVb804840cf6764469','CNFc6641707fc9c4528','Planta Manuelita S.A. - Palmira, Valle del Cauca','Bogotá DC','2023-06-25','2023-06-27','entregado','nacional'),
('ENVb3bca1104edf42a3','CNF52cd8576cc794232','Planta Manuelita S.A. - Palmira, Valle del Cauca','Cartagena Bolívar','2023-03-28','2023-04-03','en_camino','nacional'),
('ENVe18052b1d1f84e7c','CNF76c962853b7b41d2','Planta Manuelita S.A. - Palmira, Valle del Cauca','Pereira Risaralda','2023-01-29','2023-01-30','entregado','nacional'),
('ENV9d16d168e89241df','CNF00a14b85cdda4ea3','Planta Manuelita S.A. - Palmira, Valle del Cauca','Bucaramanga Santander','2024-11-10','2024-11-12','entregado','nacional'),
('ENV3bb6bc0b1dca4bf6','CNF650ad3555b614fca','Planta Manuelita S.A. - Palmira, Valle del Cauca','Medellín Antioquia','2024-08-06','2024-08-08','entregado','nacional'),
('ENVa08a0c9160eb4f47','CNFc6dfdb92f14e4b2c','Planta Manuelita S.A. - Palmira, Valle del Cauca','Bogotá DC','2023-10-24','2023-10-27','entregado','nacional'),
('ENV8690b58612c8419b','CNF924e267d948f458b','Planta Manuelita S.A. - Palmira, Valle del Cauca','Cartagena Bolívar','2023-08-18','2023-08-23','entregado','nacional'),
('ENVd2e98fbe92134844','CNFecb46a9f5bc74aac','Planta Manuelita S.A. - Palmira, Valle del Cauca','Bucaramanga Santander','2023-03-05','2023-03-06','entregado','nacional'),
('ENV4135ad8e0be24bf3','CNFcd4c9251224140db','Planta Manuelita S.A. - Palmira, Valle del Cauca','Bogotá DC','2024-07-11','2024-07-16','entregado','nacional'),
('ENVb3191026305746ba','CNF8dcf0bbfae614703','Planta Manuelita S.A. - Palmira, Valle del Cauca','Cali Valle del Cauca','2024-09-05','2024-09-08','entregado','nacional'),
('ENVbb272344b46847c9','CNF76540988cb3d478b','Planta Manuelita S.A. - Palmira, Valle del Cauca','Bucaramanga Santander','2023-04-15','2023-04-18','entregado','nacional'),
('ENV512018d66e054ccd','CNF7d26956177b04448','Planta Manuelita S.A. - Palmira, Valle del Cauca','Cali Valle del Cauca','2023-03-05','2023-03-10','entregado','nacional'),
('ENVc4ab090415dc43e3','CNF4893fb2e56ba45ab','Planta Manuelita S.A. - Palmira, Valle del Cauca','Barranquilla Atlántico','2023-11-23','2023-11-26','en_camino','nacional'),
('ENV222a7967744a430f','CNF19af8c199dd04244','Planta Manuelita S.A. - Palmira, Valle del Cauca','Cali Valle del Cauca','2023-04-19','2023-04-22','entregado','internacional'),
('ENV28bcad4229964c9e','CNFa82de17c86904135','Planta Manuelita S.A. - Palmira, Valle del Cauca','Cali Valle del Cauca','2023-01-21','2023-01-23','entregado','nacional'),
('ENV14fa51204a444058','CNF587f41a69b564a3a','Planta Manuelita S.A. - Palmira, Valle del Cauca','Medellín Antioquia','2024-04-10','2024-04-11','entregado','nacional'),
('ENV9fa633f4d2b7466a','CNFdc495b1b7f5f41af','Planta Manuelita S.A. - Palmira, Valle del Cauca','Barranquilla Atlántico','2023-09-23','2023-09-27','entregado','nacional'),
('ENVb41b2f0c54c140ce','CNFce4eb9bbb79347e0','Planta Manuelita S.A. - Palmira, Valle del Cauca','Cartagena Bolívar','2024-11-20','2024-11-24','entregado','nacional'),
('ENVc36e47e50da44a2f','CNFd4957a12ca614856','Planta Manuelita S.A. - Palmira, Valle del Cauca','Bogotá DC','2024-10-22','2024-10-26','entregado','nacional'),
('ENVb32eb93874a64933','CNFfb8b63b1a3fa4f02','Planta Manuelita S.A. - Palmira, Valle del Cauca','Bucaramanga Santander','2023-06-19','2023-06-26','entregado','nacional'),
('ENVe1c393d7bca944f3','CNFe6dbe71e4dd947b4','Planta Manuelita S.A. - Palmira, Valle del Cauca','Cartagena Bolívar','2023-05-16','2023-05-19','entregado','nacional'),
('ENV682d0590f94e4e47','CNF1c6b0e12b3ad437b','Planta Manuelita S.A. - Palmira, Valle del Cauca','Barranquilla Atlántico','2023-11-30','2023-12-06','entregado','nacional'),
('ENVc8d4ea69e9ad4609','CNFe9928cbe9edb4ef6','Planta Manuelita S.A. - Palmira, Valle del Cauca','Bogotá DC','2024-08-23','2024-08-26','entregado','nacional'),
('ENV8ab689cc4e5e44b5','CNF75090303add44dab','Planta Manuelita S.A. - Palmira, Valle del Cauca','Manizales Caldas','2024-06-10','2024-06-15','entregado','nacional'),
('ENV73bb5a9bfbfb47b4','CNF700ce61f2eff4f2d','Planta Manuelita S.A. - Palmira, Valle del Cauca','Bogotá DC','2023-04-19','2023-04-22','entregado','nacional'),
('ENV0d96110e6ab84dfd','CNF468f83df58f34f03','Planta Manuelita S.A. - Palmira, Valle del Cauca','Medellín Antioquia','2023-08-14','2023-08-19','en_camino','nacional'),
('ENV5bd779a3bb924e29','CNF8addee285b144f01','Planta Manuelita S.A. - Palmira, Valle del Cauca','Cali Valle del Cauca','2024-04-18','2024-04-24','entregado','nacional'),
('ENVb0edca5be6f34e30','CNF33d27e7e362d41ad','Planta Manuelita S.A. - Palmira, Valle del Cauca','Medellín Antioquia','2024-09-11','2024-09-14','entregado','nacional'),
('ENV90872dbf8a8a4dfb','CNF94438d8b91ae40bc','Planta Manuelita S.A. - Palmira, Valle del Cauca','Pereira Risaralda','2023-06-07','2023-06-13','en_camino','internacional'),
('ENV57d9cb53f62144f5','CNF9938a613659145be','Planta Manuelita S.A. - Palmira, Valle del Cauca','Bucaramanga Santander','2024-04-10','2024-04-13','entregado','internacional'),
('ENVec6ae8758569455d','CNF40dd2c8023fc4642','Planta Manuelita S.A. - Palmira, Valle del Cauca','Cali Valle del Cauca','2023-04-17','2023-04-19','entregado','nacional');

-- ============================================================
-- 16. ENVIO_NACIONAL
-- ============================================================
INSERT INTO ENVIO_NACIONAL (id_envio,departamento,ciudad,codigo_postal,transportadora_local) VALUES
('ENVaa17f5d4983749fd','Cundinamarca','Bogotá','110111','TCC'),
('ENVbca6117a6fa74c98','Nariño','Pasto','520001','Deprisa'),
('ENVb655398c535243b1','Cundinamarca','Bogotá','110111','Deprisa'),
('ENVb11237de444e4189','Nariño','Pasto','520001','Envia'),
('ENV37b0d9a3d4374e05','Risaralda','Pereira','660001','InterRapidísimo'),
('ENV8624cae4ce7141a5','Risaralda','Pereira','660001','Coordinadora'),
('ENV1815e3e8650e4613','Santander','Bucaramanga','680001','TCC'),
('ENVc4247e1ded574202','Atlántico','Barranquilla','080001','TCC'),
('ENV60ee70e0e9644da7','Antioquia','Medellín','050001','InterRapidísimo'),
('ENV577c1c5f46404f7f','Atlántico','Barranquilla','080001','Envia'),
('ENV8b63bd86fa7b40a0','Valle del Cauca','Cali','760001','Deprisa'),
('ENVd90235a5dcbe4361','Atlántico','Barranquilla','080001','InterRapidísimo'),
('ENVaccd63419f62404b','Antioquia','Medellín','050001','Deprisa'),
('ENVf5623d25f9244179','Antioquia','Medellín','050001','Servientrega'),
('ENV9ae2a60cb44e47b4','Nariño','Pasto','520001','InterRapidísimo'),
('ENV23d9385407634f89','Nariño','Pasto','520001','Coordinadora'),
('ENVb61d0d660c354604','Valle del Cauca','Cali','760001','Envia'),
('ENVe4c5a47df6c84960','Cundinamarca','Bogotá','110111','Servientrega'),
('ENV45e234c2c74e4813','Cundinamarca','Bogotá','110111','Envia'),
('ENV49ee1eaa40714f00','Caldas','Manizales','170001','TCC'),
('ENV5adc24eb2fba4299','Cundinamarca','Bogotá','110111','Coordinadora'),
('ENV72fbcfc6a4fe4a3e','Caldas','Manizales','170001','Deprisa'),
('ENVc5530bb93c424ef9','Cundinamarca','Bogotá','110111','Envia'),
('ENVdd636683b5714c5a','Caldas','Manizales','170001','Deprisa'),
('ENV5623498461e442a8','Caldas','Manizales','170001','Servientrega'),
('ENV7f931decdce14175','Atlántico','Barranquilla','080001','Servientrega'),
('ENV12b4b5ceb3304d81','Bolívar','Cartagena','130001','TCC'),
('ENV77336747afc24cb7','Risaralda','Pereira','660001','Deprisa'),
('ENV2bdc64cbb61845ff','Valle del Cauca','Cali','760001','TCC'),
('ENV9cfa77c1043546aa','Nariño','Pasto','520001','InterRapidísimo'),
('ENV9fa83bb00fdc4b49','Santander','Bucaramanga','680001','Deprisa'),
('ENV23ca0d6b7d0d49df','Nariño','Pasto','520001','TCC'),
('ENV7d7c237abb4841b0','Cundinamarca','Bogotá','110111','Envia'),
('ENVfb82bae36d334d22','Valle del Cauca','Cali','760001','TCC'),
('ENV4cb211ea7fb44f99','Cundinamarca','Bogotá','110111','InterRapidísimo'),
('ENV2bf6cd1a878d4bf8','Risaralda','Pereira','660001','Servientrega'),
('ENVf8891cede7854817','Caldas','Manizales','170001','Envia'),
('ENVc176bc34141a46c3','Tolima','Ibagué','730001','InterRapidísimo'),
('ENVcef3fb17d8d2455e','Valle del Cauca','Cali','760001','Deprisa'),
('ENVbc041b6b7dab44f0','Santander','Bucaramanga','680001','InterRapidísimo'),
('ENV60f0d3ac44b34a10','Atlántico','Barranquilla','080001','TCC'),
('ENV700a1ba736344312','Tolima','Ibagué','730001','Envia'),
('ENV2f0f92594b0c412e','Valle del Cauca','Cali','760001','TCC'),
('ENV63c7ae7723e14fed','Valle del Cauca','Cali','760001','InterRapidísimo'),
('ENV9e6fb8ddb1cd4658','Valle del Cauca','Cali','760001','Servientrega'),
('ENVd3d96ac9e2364b45','Antioquia','Medellín','050001','Deprisa'),
('ENV4acb394f586749e8','Santander','Bucaramanga','680001','Coordinadora'),
('ENVbc979045c1f940da','Tolima','Ibagué','730001','Servientrega'),
('ENV406fd8ab68154d6f','Caldas','Manizales','170001','Envia'),
('ENV0d0c4d432edd4f5e','Cundinamarca','Bogotá','110111','Envia'),
('ENV2b2328129a794ad8','Bolívar','Cartagena','130001','TCC'),
('ENVce11c25fd4af4385','Valle del Cauca','Cali','760001','Servientrega'),
('ENVaa62c8d5e34b4987','Tolima','Ibagué','730001','Deprisa'),
('ENV83e017ec8ec54104','Valle del Cauca','Cali','760001','InterRapidísimo'),
('ENVbefc5e4038224e89','Santander','Bucaramanga','680001','Envia'),
('ENVdcd08b3b18d64a35','Risaralda','Pereira','660001','Deprisa'),
('ENVf65f6fa6cb9448cd','Risaralda','Pereira','660001','InterRapidísimo'),
('ENV23dfece64da74945','Bolívar','Cartagena','130001','TCC'),
('ENVa96fe4905bda43ca','Bolívar','Cartagena','130001','Deprisa'),
('ENV661f8cda9ba34628','Nariño','Pasto','520001','Envia'),
('ENVee6243f87a314ce5','Antioquia','Medellín','050001','TCC'),
('ENV54d2de0072164acc','Santander','Bucaramanga','680001','Deprisa'),
('ENV9faa3e580f2249f0','Atlántico','Barranquilla','080001','Envia'),
('ENVa49f95f2a3314be0','Atlántico','Barranquilla','080001','Servientrega'),
('ENVf9929642fee84f3e','Atlántico','Barranquilla','080001','Coordinadora'),
('ENV6807cae550e14498','Nariño','Pasto','520001','InterRapidísimo'),
('ENV93bb78b28fd4427a','Nariño','Pasto','520001','Servientrega'),
('ENVfef4160c845045f2','Risaralda','Pereira','660001','Deprisa'),
('ENV037e79e05cb341c8','Valle del Cauca','Cali','760001','Envia'),
('ENV8bb5f25a12764c0a','Atlántico','Barranquilla','080001','TCC'),
('ENVe39624e81ca54b99','Antioquia','Medellín','050001','Coordinadora'),
('ENV5e12ed0836f64ab6','Atlántico','Barranquilla','080001','Envia'),
('ENVbc81d75ca18f4996','Tolima','Ibagué','730001','TCC'),
('ENV938087ec178b4d74','Nariño','Pasto','520001','Deprisa'),
('ENV0aa4627fe35445b4','Antioquia','Medellín','050001','Deprisa'),
('ENVe3b775b163e1467c','Tolima','Ibagué','730001','Coordinadora'),
('ENVad1211a6682e476b','Bolívar','Cartagena','130001','Envia'),
('ENV35a9f2169762412a','Antioquia','Medellín','050001','Deprisa'),
('ENV62e4b87a9ccf444a','Cundinamarca','Bogotá','110111','Envia'),
('ENVc5e69fd84c8644a9','Risaralda','Pereira','660001','Deprisa'),
('ENV7fbfc15158064f70','Bolívar','Cartagena','130001','Deprisa'),
('ENV39f6a6f9620342c5','Nariño','Pasto','520001','Servientrega'),
('ENV8259c3dfda474ecc','Santander','Bucaramanga','680001','Envia'),
('ENV60b185bbd5a74416','Nariño','Pasto','520001','TCC'),
('ENV1ec920a6533640e8','Caldas','Manizales','170001','Envia'),
('ENV794fa448e39f4bcd','Antioquia','Medellín','050001','InterRapidísimo'),
('ENVbb49cbbba3a84855','Risaralda','Pereira','660001','Envia'),
('ENV133dd27610cd481e','Antioquia','Medellín','050001','Envia'),
('ENVa5d8ff0a4ace45fa','Antioquia','Medellín','050001','TCC'),
('ENV593c64ba1bae4a91','Atlántico','Barranquilla','080001','InterRapidísimo'),
('ENVcfd2208a72294125','Caldas','Manizales','170001','InterRapidísimo'),
('ENV19e9e30d386c41c4','Cundinamarca','Bogotá','110111','Coordinadora'),
('ENVde0adbcad1464161','Risaralda','Pereira','660001','InterRapidísimo'),
('ENV8ee1f71e683b41fe','Cundinamarca','Bogotá','110111','Deprisa'),
('ENV20c22815ebc1497f','Caldas','Manizales','170001','TCC'),
('ENV3f7dc39ddd0b4413','Cundinamarca','Bogotá','110111','InterRapidísimo'),
('ENV3d0254bcea144c51','Bolívar','Cartagena','130001','InterRapidísimo'),
('ENVe602d01fcc10499c','Nariño','Pasto','520001','Deprisa'),
('ENVb804840cf6764469','Tolima','Ibagué','730001','Deprisa'),
('ENVb3bca1104edf42a3','Nariño','Pasto','520001','Envia'),
('ENVe18052b1d1f84e7c','Antioquia','Medellín','050001','Envia'),
('ENV9d16d168e89241df','Bolívar','Cartagena','130001','Envia'),
('ENV3bb6bc0b1dca4bf6','Nariño','Pasto','520001','Envia'),
('ENVa08a0c9160eb4f47','Bolívar','Cartagena','130001','Deprisa'),
('ENV8690b58612c8419b','Risaralda','Pereira','660001','Coordinadora'),
('ENVd2e98fbe92134844','Tolima','Ibagué','730001','Coordinadora'),
('ENV4135ad8e0be24bf3','Santander','Bucaramanga','680001','InterRapidísimo'),
('ENVb3191026305746ba','Nariño','Pasto','520001','Servientrega'),
('ENVbb272344b46847c9','Santander','Bucaramanga','680001','Coordinadora'),
('ENV512018d66e054ccd','Bolívar','Cartagena','130001','Coordinadora'),
('ENVc4ab090415dc43e3','Bolívar','Cartagena','130001','TCC'),
('ENV28bcad4229964c9e','Atlántico','Barranquilla','080001','Envia'),
('ENV14fa51204a444058','Valle del Cauca','Cali','760001','TCC'),
('ENV9fa633f4d2b7466a','Caldas','Manizales','170001','InterRapidísimo'),
('ENVb41b2f0c54c140ce','Valle del Cauca','Cali','760001','Coordinadora'),
('ENVc36e47e50da44a2f','Antioquia','Medellín','050001','Envia'),
('ENVb32eb93874a64933','Risaralda','Pereira','660001','Coordinadora'),
('ENVe1c393d7bca944f3','Bolívar','Cartagena','130001','InterRapidísimo'),
('ENV682d0590f94e4e47','Nariño','Pasto','520001','Coordinadora'),
('ENVc8d4ea69e9ad4609','Antioquia','Medellín','050001','Servientrega'),
('ENV8ab689cc4e5e44b5','Risaralda','Pereira','660001','TCC'),
('ENV73bb5a9bfbfb47b4','Tolima','Ibagué','730001','Servientrega'),
('ENV0d96110e6ab84dfd','Antioquia','Medellín','050001','Envia'),
('ENV5bd779a3bb924e29','Antioquia','Medellín','050001','InterRapidísimo'),
('ENVb0edca5be6f34e30','Bolívar','Cartagena','130001','Coordinadora'),
('ENVec6ae8758569455d','Bolívar','Cartagena','130001','Servientrega');

-- ============================================================
-- 17. ENVIO_INTERNACIONAL
-- ============================================================
INSERT INTO ENVIO_INTERNACIONAL (id_envio,pais_destino,aduana,numero_tracking_internacional,costo_aduana,divisa) VALUES
('ENV6472c0d6ae044523','México','Aduana Barranquilla','MAN-INT-00900001',603.0,'USD'),
('ENV78a2b6b71a324bf2','Perú','Aduana Cartagena','MAN-INT-00900002',7279.04,'USD'),
('ENVa7523b7a3ad74fdf','Panamá','Aduana Buenaventura','MAN-INT-00900003',3001.77,'USD'),
('ENV0851f630242b40f4','Ecuador','Aduana Barranquilla','MAN-INT-00900004',3630.0,'EUR'),
('ENVbc0beb31cdba4586','Estados Unidos','Aduana Buenaventura','MAN-INT-00900005',1639.68,'EUR'),
('ENV52ea94ebb51a4639','Perú','Aduana Buenaventura','MAN-INT-00900006',5042.03,'EUR'),
('ENVad65259a6b2d4ee2','Estados Unidos','Aduana Barranquilla','MAN-INT-00900007',5169.2,'USD'),
('ENV2f691acdc2eb4b02','Panamá','Aduana Cartagena','MAN-INT-00900008',1316.66,'EUR'),
('ENV5438ec3855e54425','Panamá','Aduana Cartagena','MAN-INT-00900009',4782.36,'USD'),
('ENV4ea6bd51e6be4a74','Ecuador','Aduana Cartagena','MAN-INT-00900010',6178.08,'EUR'),
('ENV783973ad4d3945b8','Estados Unidos','Aduana Barranquilla','MAN-INT-00900011',5775.16,'USD'),
('ENV222a7967744a430f','Ecuador','Aduana Barranquilla','MAN-INT-00900012',4966.58,'EUR'),
('ENV90872dbf8a8a4dfb','México','Aduana Buenaventura','MAN-INT-00900013',2430.02,'USD'),
('ENV57d9cb53f62144f5','Panamá','Aduana Barranquilla','MAN-INT-00900014',7667.04,'USD');

-- ============================================================
-- 18. ASIGNACION_CAMIONES
-- ============================================================
INSERT INTO ASIGNACION_CAMIONES (id_envio_camion_nor,id_envio,id_camion,fecha_carga) VALUES
('ASG9130978668874aa3','ENVaa17f5d4983749fd','CAM98ddfcab1a3f421f','2023-09-11'),
('ASG6255086936754cf6','ENVbca6117a6fa74c98','CAM98ddfcab1a3f421f','2024-05-13'),
('ASG8137b9424cab4783','ENVb655398c535243b1','CAMa8699d54c9474f9c','2023-06-06'),
('ASG396c9bb3ff9241e7','ENVb11237de444e4189','CAM520fa6efeb5f450c','2023-11-16'),
('ASGbaa821b582ef47c6','ENV37b0d9a3d4374e05','CAMa8699d54c9474f9c','2023-11-15'),
('ASG63e31339ccb24bf8','ENV8624cae4ce7141a5','CAMefcbe1958ac14314','2024-04-19'),
('ASG220a805acd664c22','ENV1815e3e8650e4613','CAM98ddfcab1a3f421f','2023-10-14'),
('ASG90c91ee832e24089','ENVc4247e1ded574202','CAM520fa6efeb5f450c','2024-07-20'),
('ASG9a5bd474f3ff4e2f','ENV60ee70e0e9644da7','CAM42328aa0ee3a49c7','2024-12-07'),
('ASG541a8ba7d50240a8','ENV6472c0d6ae044523','CAMed671e4f891b4a7b','2023-02-05'),
('ASG60a2f958c835494a','ENV577c1c5f46404f7f','CAMa8699d54c9474f9c','2023-12-25'),
('ASG04c753b876be4e74','ENV8b63bd86fa7b40a0','CAMa8699d54c9474f9c','2023-01-29'),
('ASG57fc070ccae74d04','ENVd90235a5dcbe4361','CAMa8699d54c9474f9c','2024-05-27'),
('ASGf0267434c3454a36','ENVaccd63419f62404b','CAM520fa6efeb5f450c','2024-12-12'),
('ASG7a12561fad8c453b','ENVf5623d25f9244179','CAM98ddfcab1a3f421f','2024-05-27'),
('ASGb7cc305306e445fd','ENV78a2b6b71a324bf2','CAM42328aa0ee3a49c7','2024-10-07'),
('ASGa0a6e97eea4c4ba8','ENV9ae2a60cb44e47b4','CAM42328aa0ee3a49c7','2023-12-19'),
('ASGb5afa59834e4402c','ENVa7523b7a3ad74fdf','CAM98ddfcab1a3f421f','2024-12-26'),
('ASGa1c4126e9e264c06','ENV23d9385407634f89','CAMaa5124e5403d4641','2023-10-07'),
('ASGd085c98851c64f69','ENVb61d0d660c354604','CAM98ddfcab1a3f421f','2024-10-09'),
('ASGea54d21a8de04ef6','ENVe4c5a47df6c84960','CAM520fa6efeb5f450c','2023-02-23'),
('ASG4055d4534e8c46d6','ENV0851f630242b40f4','CAMa8699d54c9474f9c','2024-07-30'),
('ASGb25fc7ec668b4ce5','ENV45e234c2c74e4813','CAMa8699d54c9474f9c','2023-02-03'),
('ASGa423d64ee2d448d8','ENV49ee1eaa40714f00','CAM520fa6efeb5f450c','2023-02-22'),
('ASG09ebc9224ace41ce','ENV5adc24eb2fba4299','CAMaa5124e5403d4641','2023-06-20'),
('ASGa7f32f83e48a4bb3','ENV72fbcfc6a4fe4a3e','CAM98ddfcab1a3f421f','2024-06-26'),
('ASGa0cf727cdcaa426c','ENVbc0beb31cdba4586','CAMefcbe1958ac14314','2024-11-20'),
('ASG484e92658d814a99','ENV52ea94ebb51a4639','CAMefcbe1958ac14314','2024-01-31'),
('ASG13d2f635e85b4c56','ENVc5530bb93c424ef9','CAMaa5124e5403d4641','2023-03-18'),
('ASGb99e8e52bc7844e1','ENVdd636683b5714c5a','CAMed671e4f891b4a7b','2024-04-03'),
('ASG1827bafba2d44508','ENV5623498461e442a8','CAM98ddfcab1a3f421f','2023-05-11'),
('ASG63e75ddd72c4454b','ENV7f931decdce14175','CAMefcbe1958ac14314','2024-11-21'),
('ASGd44a974c52cf4c41','ENV12b4b5ceb3304d81','CAMed671e4f891b4a7b','2024-10-15'),
('ASG8adeb5ef4f2c4303','ENV77336747afc24cb7','CAMa8699d54c9474f9c','2023-11-12'),
('ASGa60a34285cc14ee1','ENV2bdc64cbb61845ff','CAMa8699d54c9474f9c','2023-04-12'),
('ASG706a413ebc244213','ENV9cfa77c1043546aa','CAM42328aa0ee3a49c7','2023-04-23'),
('ASGfb3946d7561d498e','ENV9fa83bb00fdc4b49','CAMefcbe1958ac14314','2024-08-19'),
('ASG0468380146d84872','ENV23ca0d6b7d0d49df','CAMed671e4f891b4a7b','2023-11-30'),
('ASG6548a8d9857b4ae5','ENV7d7c237abb4841b0','CAM520fa6efeb5f450c','2024-07-24'),
('ASGf60e1b6582034fbe','ENVfb82bae36d334d22','CAMed671e4f891b4a7b','2023-06-09'),
('ASG6097a80043924f67','ENV4cb211ea7fb44f99','CAM520fa6efeb5f450c','2024-05-29'),
('ASGed1e2d3b3ba0492d','ENV2bf6cd1a878d4bf8','CAMa8699d54c9474f9c','2023-06-01'),
('ASGcb08bb8ef9684380','ENVf8891cede7854817','CAMed671e4f891b4a7b','2024-10-08'),
('ASG9b125fdf5f00459e','ENVc176bc34141a46c3','CAMaa5124e5403d4641','2023-04-24'),
('ASGa0e95d478c914318','ENVcef3fb17d8d2455e','CAM98ddfcab1a3f421f','2024-05-20'),
('ASG85dac650c88344df','ENVbc041b6b7dab44f0','CAMefcbe1958ac14314','2023-10-20'),
('ASGdb73a804bb684242','ENVad65259a6b2d4ee2','CAMed671e4f891b4a7b','2024-12-12'),
('ASG6ed5cfaa7fdf43f8','ENV60f0d3ac44b34a10','CAMa8699d54c9474f9c','2023-04-14'),
('ASG0afc00dfaf4848c7','ENV700a1ba736344312','CAM42328aa0ee3a49c7','2023-12-28'),
('ASGf51a1e07332942f5','ENV2f0f92594b0c412e','CAMefcbe1958ac14314','2024-04-07'),
('ASGd3596194625b45e7','ENV63c7ae7723e14fed','CAMa8699d54c9474f9c','2024-07-18'),
('ASG2877c94b77ea4c0c','ENV2f691acdc2eb4b02','CAM98ddfcab1a3f421f','2023-07-19'),
('ASGc400317586524193','ENV9e6fb8ddb1cd4658','CAMaa5124e5403d4641','2023-06-26'),
('ASG15b4c179f80d4a8d','ENVd3d96ac9e2364b45','CAMaa5124e5403d4641','2023-01-18'),
('ASGef3f045c2c374872','ENV4acb394f586749e8','CAMa8699d54c9474f9c','2024-03-22'),
('ASGd488e6e7ba73453e','ENVbc979045c1f940da','CAM42328aa0ee3a49c7','2024-07-03'),
('ASG7fa1b47450764ef3','ENV406fd8ab68154d6f','CAMaa5124e5403d4641','2023-06-04'),
('ASG5a933c8493174bba','ENV0d0c4d432edd4f5e','CAMa8699d54c9474f9c','2024-05-23'),
('ASG49a7d8e98db2431f','ENV2b2328129a794ad8','CAMa8699d54c9474f9c','2024-01-03'),
('ASGb20956edada34bb1','ENVce11c25fd4af4385','CAM42328aa0ee3a49c7','2024-10-07'),
('ASG0dbae8f4e0014035','ENVaa62c8d5e34b4987','CAMed671e4f891b4a7b','2023-04-01'),
('ASG242cc78f4a0c4f95','ENV83e017ec8ec54104','CAMefcbe1958ac14314','2023-02-22'),
('ASGc7b6fd28f82b4262','ENVbefc5e4038224e89','CAMa8699d54c9474f9c','2023-09-14'),
('ASG4adf8e6e417b460d','ENVdcd08b3b18d64a35','CAM520fa6efeb5f450c','2024-06-28'),
('ASGe4e56d7c4a3e4305','ENVf65f6fa6cb9448cd','CAMed671e4f891b4a7b','2023-07-07'),
('ASGc52b53012ccc4a1a','ENV23dfece64da74945','CAM520fa6efeb5f450c','2023-10-14'),
('ASG00c7be4b9d4443f2','ENVa96fe4905bda43ca','CAM520fa6efeb5f450c','2024-12-09'),
('ASG7647ea6e14404dd6','ENV661f8cda9ba34628','CAM42328aa0ee3a49c7','2023-12-31'),
('ASGb9735c38705e405e','ENVee6243f87a314ce5','CAM98ddfcab1a3f421f','2023-06-26'),
('ASG73891dcd252c41d3','ENV5438ec3855e54425','CAM42328aa0ee3a49c7','2024-04-05'),
('ASGfc4f1b8f79194894','ENV54d2de0072164acc','CAM42328aa0ee3a49c7','2023-06-09'),
('ASG08e76d490b764abe','ENV9faa3e580f2249f0','CAM98ddfcab1a3f421f','2023-02-23'),
('ASG153a9acddb4e45d7','ENVa49f95f2a3314be0','CAMed671e4f891b4a7b','2024-05-04'),
('ASG10edf34f5b7749cd','ENVf9929642fee84f3e','CAMed671e4f891b4a7b','2024-04-17'),
('ASG55287288d24a4f6a','ENV6807cae550e14498','CAMefcbe1958ac14314','2023-11-28'),
('ASG88a82b9c49f04192','ENV93bb78b28fd4427a','CAM42328aa0ee3a49c7','2023-04-19'),
('ASGc421b39f0dcf4148','ENVfef4160c845045f2','CAM42328aa0ee3a49c7','2023-05-02'),
('ASG41062b3bfa65491d','ENV037e79e05cb341c8','CAMaa5124e5403d4641','2024-05-13'),
('ASGcf8b5fba246d4ff6','ENV8bb5f25a12764c0a','CAM98ddfcab1a3f421f','2024-05-02'),
('ASGadf170ab63584e3c','ENVe39624e81ca54b99','CAMefcbe1958ac14314','2025-01-03'),
('ASGef5cbd6787194f97','ENV5e12ed0836f64ab6','CAM98ddfcab1a3f421f','2023-01-27'),
('ASGed9f075551b444a0','ENVbc81d75ca18f4996','CAMefcbe1958ac14314','2024-10-10'),
('ASGec8da01f7aa34658','ENV938087ec178b4d74','CAM42328aa0ee3a49c7','2023-04-08'),
('ASG8678b472adc74227','ENV0aa4627fe35445b4','CAM42328aa0ee3a49c7','2024-10-23'),
('ASG91fd41860ae54452','ENVe3b775b163e1467c','CAM98ddfcab1a3f421f','2024-04-24'),
('ASG13623be3f40a4116','ENVad1211a6682e476b','CAMefcbe1958ac14314','2023-11-05'),
('ASG7201a01a23a24f3f','ENV35a9f2169762412a','CAM98ddfcab1a3f421f','2023-04-18'),
('ASG3166188ba626432e','ENV62e4b87a9ccf444a','CAM98ddfcab1a3f421f','2024-08-08'),
('ASGba059cecb66843e2','ENVc5e69fd84c8644a9','CAMed671e4f891b4a7b','2024-04-23'),
('ASG0db11a46d2354039','ENV7fbfc15158064f70','CAMaa5124e5403d4641','2024-04-08'),
('ASG8170152aaf4f42ac','ENV39f6a6f9620342c5','CAMed671e4f891b4a7b','2023-04-17'),
('ASG02662cdf2b3b4701','ENV8259c3dfda474ecc','CAMed671e4f891b4a7b','2024-02-27'),
('ASG08e0a1e46c484024','ENV60b185bbd5a74416','CAMed671e4f891b4a7b','2023-06-11'),
('ASG4af3d0e9a012437d','ENV1ec920a6533640e8','CAMaa5124e5403d4641','2024-09-20'),
('ASGed2ffe46c9924377','ENV794fa448e39f4bcd','CAM520fa6efeb5f450c','2024-12-30'),
('ASG47f47621d9d140bb','ENVbb49cbbba3a84855','CAM42328aa0ee3a49c7','2023-10-07'),
('ASGae55b2553da54b55','ENV133dd27610cd481e','CAM42328aa0ee3a49c7','2024-10-24'),
('ASG0f901f4e78284f04','ENVa5d8ff0a4ace45fa','CAMaa5124e5403d4641','2023-08-16'),
('ASG545d45d5ed0144d8','ENV4ea6bd51e6be4a74','CAM98ddfcab1a3f421f','2023-06-20'),
('ASGa28b39237faa41cf','ENV593c64ba1bae4a91','CAM98ddfcab1a3f421f','2023-11-17'),
('ASG13fd36330b8f47d7','ENVcfd2208a72294125','CAM98ddfcab1a3f421f','2024-01-07'),
('ASG77c82ad16a9a44d4','ENV19e9e30d386c41c4','CAM42328aa0ee3a49c7','2024-09-07'),
('ASGe601fd51206747af','ENV783973ad4d3945b8','CAMaa5124e5403d4641','2023-06-26'),
('ASG8578c463caf741a2','ENVde0adbcad1464161','CAMed671e4f891b4a7b','2024-10-03'),
('ASG746e27cbb5874a1b','ENV8ee1f71e683b41fe','CAMefcbe1958ac14314','2023-11-27'),
('ASGfac678b30afa4d85','ENV20c22815ebc1497f','CAM98ddfcab1a3f421f','2023-05-30'),
('ASGb9a475d4ad5543ef','ENV3f7dc39ddd0b4413','CAMed671e4f891b4a7b','2023-06-18'),
('ASGa27ddedd8e98439e','ENV3d0254bcea144c51','CAMa8699d54c9474f9c','2024-07-04'),
('ASG3e274e2fc64f4333','ENVe602d01fcc10499c','CAMed671e4f891b4a7b','2024-06-22'),
('ASGd5882a836b6a4144','ENVb804840cf6764469','CAMaa5124e5403d4641','2023-06-25'),
('ASG54d6e20fdb694e03','ENVb3bca1104edf42a3','CAM98ddfcab1a3f421f','2023-03-28'),
('ASG564c182185884ae3','ENVe18052b1d1f84e7c','CAMed671e4f891b4a7b','2023-01-29'),
('ASGd82607d5814045c4','ENV9d16d168e89241df','CAM42328aa0ee3a49c7','2024-11-10'),
('ASGd305e08390784732','ENV3bb6bc0b1dca4bf6','CAM98ddfcab1a3f421f','2024-08-06'),
('ASG17e7a94e5e884a4a','ENVa08a0c9160eb4f47','CAMa8699d54c9474f9c','2023-10-24'),
('ASG09be61c470fb4a8a','ENV8690b58612c8419b','CAM98ddfcab1a3f421f','2023-08-18'),
('ASGa7ba89626dd345ee','ENVd2e98fbe92134844','CAM42328aa0ee3a49c7','2023-03-05'),
('ASG67d0f636536b45aa','ENV4135ad8e0be24bf3','CAMa8699d54c9474f9c','2024-07-11'),
('ASGb4ac65c579c34086','ENVb3191026305746ba','CAMaa5124e5403d4641','2024-09-05'),
('ASG2b87428e183649f6','ENVbb272344b46847c9','CAM42328aa0ee3a49c7','2023-04-15'),
('ASG8987231776954457','ENV512018d66e054ccd','CAMaa5124e5403d4641','2023-03-05'),
('ASGe244b86a636f4c41','ENVc4ab090415dc43e3','CAMaa5124e5403d4641','2023-11-23'),
('ASG6d6cc53f0c4a4c4c','ENV222a7967744a430f','CAMaa5124e5403d4641','2023-04-19'),
('ASGec85e99650844251','ENV28bcad4229964c9e','CAM520fa6efeb5f450c','2023-01-21'),
('ASG4bec3985ee994ea1','ENV14fa51204a444058','CAMed671e4f891b4a7b','2024-04-10'),
('ASG85f9827038b34423','ENV9fa633f4d2b7466a','CAM520fa6efeb5f450c','2023-09-23'),
('ASGac3dd3ab1b514858','ENVb41b2f0c54c140ce','CAMaa5124e5403d4641','2024-11-20'),
('ASG94be2953f97d417b','ENVc36e47e50da44a2f','CAM520fa6efeb5f450c','2024-10-22'),
('ASG3e73208b166c45e5','ENVb32eb93874a64933','CAM98ddfcab1a3f421f','2023-06-19'),
('ASGc88854ce67224411','ENVe1c393d7bca944f3','CAM520fa6efeb5f450c','2023-05-16'),
('ASG0d69475a532c4132','ENV682d0590f94e4e47','CAM520fa6efeb5f450c','2023-11-30'),
('ASG3430485352684c1b','ENVc8d4ea69e9ad4609','CAMed671e4f891b4a7b','2024-08-23'),
('ASG6a98fbdd7c7e45e9','ENV8ab689cc4e5e44b5','CAM520fa6efeb5f450c','2024-06-10'),
('ASG7139c538dc434478','ENV73bb5a9bfbfb47b4','CAM42328aa0ee3a49c7','2023-04-19'),
('ASG4e9bc211025c4845','ENV0d96110e6ab84dfd','CAMefcbe1958ac14314','2023-08-14'),
('ASG1d6913aef286430b','ENV5bd779a3bb924e29','CAMefcbe1958ac14314','2024-04-18'),
('ASG5a8bcc29387b4938','ENVb0edca5be6f34e30','CAMaa5124e5403d4641','2024-09-11'),
('ASG82f2531df53a4ea7','ENV90872dbf8a8a4dfb','CAMed671e4f891b4a7b','2023-06-07'),
('ASG69a88848e8574e0c','ENV57d9cb53f62144f5','CAM42328aa0ee3a49c7','2024-04-10'),
('ASGcf15af9e0a3149c3','ENVec6ae8758569455d','CAMefcbe1958ac14314','2023-04-17');

-- ============================================================
-- RESUMEN DE REGISTROS GENERADOS
-- Total aproximado: 2558 registros
-- USUARIOS: 51 | PROVEEDORES: 5 | LOTES: 20 | PRODUCTOS: 30
-- STOCK: 30 | PEDIDOS: 200 | PROD_ASOCIADOS: 588
-- VERIFICACIONES: 164 | CONFIRMACIONES: 140
-- HISTORIAL: 440 | HISTORIAL_NOR: 440
-- CAMIONES: 10 | CONDUCTORES: 10 | CAMION_CONDUCTOR: 10
-- ENVIOS: 140 | ENVIO_NAC: 126 | ENVIO_INT: 14
-- ASIGNACION_CAMIONES: 140
-- ============================================================
